PLAYER,POS,GP,GS,MIN,PPG,OFFR,DEFR,RPG,APG,SPG,BPG,TPG,FPG,FGM,FGA,FG%,3PM,3PA,3P%,FTM,FTA,FT%,2PM,2PA,2P%,AFG%
Shaquille O'Neal,C,37,36,20.3,9.2,1.3,3.5,4.8,0.7,0.43,1.14,1.5,3.2,3.6000000000000005,5.4,0.667,0.0,0.0,0.0,2.0,3.5,0.56,3.6000000000000005,5.4,0.667,0.67
Sasha Pavlovic,SG,31,7,11.696774193548388,2.4387096774193546,0.05483870967741936,1.0193548387096774,1.0193548387096774,0.529032258064516,0.3203225806451613,0.22580645161290322,0.41935483870967744,1.1064516129032258,0.932258064516129,2.3129032258064517,0.4152258064516129,0.3903225806451613,1.0129032258064516,0.4154838709677419,0.18387096774193548,0.3258064516129032,0.4774193548387097,0.5419354838709678,1.2999999999999998,0.41896774193548386,0.5012903225806452
Marquis Daniels,SG,49,0,19.1,5.5,0.5,1.8,2.3,1.3,0.8,0.45,0.8,1.3,2.3,4.7,0.49100000000000005,0.1,0.4,0.19,0.8,1.2,0.68,2.2,4.3,0.521,0.5
Chris Johnson,C,14,1,9.857142857142858,2.357142857142857,0.8714285714285713,1.4285714285714286,2.3000000000000003,0.2285714285714286,0.21428571428571427,0.6428571428571429,0.7142857142857143,1.5142857142857142,0.6428571428571429,1.5142857142857142,0.4684285714285714,0.0,0.0,0.0,1.0714285714285714,1.4285714285714286,0.7999999999999999,0.6428571428571429,1.5142857142857142,0.4684285714285714,0.47000000000000003
Von Wafer,SG,58,2,9.5,3.2,0.1,0.7,0.8,0.6,0.31,0.09,0.3,0.7,1.2,2.7,0.42100000000000004,0.3,1.2,0.26899999999999996,0.6,0.7,0.84,0.9,1.5,0.5329999999999999,0.48
Semih Erden,C,41,8,14.556097560975612,4.021951219512195,0.8682926829268293,2.021951219512195,2.8902439024390243,0.48048780487804876,0.3646341463414634,0.5875609756097561,0.8609756097560977,2.548780487804878,1.5414634146341464,2.6878048780487807,0.567560975609756,0.0,0.0,0.0,0.9390243902439026,1.5,0.6495121951219512,1.5414634146341464,2.6878048780487807,0.567560975609756,0.5697560975609756
Troy Murphy,PF,35,4,13.32857142857143,3.1142857142857143,0.6,2.6285714285714286,3.228571428571429,0.6571428571428571,0.4288571428571428,0.08571428571428572,0.5542857142857143,1.3571428571428572,1.1571428571428573,3.228571428571429,0.38037142857142864,0.15142857142857144,0.9600000000000001,0.13805714285714285,0.5485714285714286,0.8514285714285714,0.6854285714285715,1.0057142857142858,2.2685714285714287,0.47377142857142857,0.39914285714285713
Luke Harangody,PF,49,0,13.057142857142857,3.971428571428572,0.8142857142857144,2.128571428571429,2.9428571428571426,0.6571428571428573,0.3028571428571429,0.34857142857142853,0.3285714285714286,1.6428571428571428,1.6,4.171428571428572,0.3871428571428571,0.35714285714285715,1.385714285714286,0.22142857142857145,0.4142857142857143,0.5571428571428573,0.6942857142857142,1.2428571428571427,2.7857142857142856,0.444,0.41857142857142854
Kevin Garnett,PF,71,71,31.300000000000004,14.900000000000002,1.2,7.700000000000001,8.9,2.4,1.34,0.8,1.6,2.1,6.1,11.6,0.528,0.0,0.1,0.2,2.6,3.1,0.86,6.1,11.5,0.53,0.53
Paul Pierce,SF,80,80,34.7,18.9,0.4,5.0,5.4,3.3,1.0,0.64,2.1,2.9,6.3,12.8,0.49700000000000005,1.4,3.7,0.374,4.8,5.6,0.86,4.9,9.1,0.547,0.55
Ray Allen,SG,80,80,36.1,16.5,0.6,2.8,3.4,2.7,0.96,0.2,1.5,1.8,6.0,12.2,0.491,2.1,4.7,0.44400000000000006,2.4,2.7,0.8800000000000001,3.9,7.5,0.52,0.58
Delonte West,SG,24,2,18.9,5.599999999999999,0.3,1.3,1.5,2.7000000000000006,0.83,0.42,1.3,1.2,2.3,5.0,0.45799999999999996,0.5,1.3999999999999997,0.36400000000000005,0.5,0.6,0.87,1.8,3.6,0.494,0.51
Rajon Rondo,PG,68,68,37.2,10.6,1.3,3.1,4.4,11.2,2.25,0.16,3.4,1.8,4.7,9.9,0.475,0.1,0.6,0.233,1.1,1.9,0.57,4.6,9.3,0.491,0.48
Jeff Green,SF,75,51,32.32,13.328,0.9919999999999999,3.8106666666666666,4.802666666666666,1.4186666666666667,0.7090666666666666,0.4958666666666666,1.3573333333333335,2.796,4.910666666666667,10.936,0.45364000000000004,0.8226666666666667,2.829333333333333,0.30122666666666664,2.618666666666667,3.2493333333333334,0.8096,4.088,8.106666666666667,0.5002800000000001,0.4869333333333333
Nate Robinson,PG,59,11,17.194915254237287,6.842372881355932,0.2796610169491525,1.2322033898305085,1.5118644067796612,1.8728813559322033,0.49406779661016953,0.0652542372881356,1.152542372881356,1.9067796610169492,2.5847457627118646,6.410169491525424,0.3947118644067797,1.0593220338983051,3.3983050847457625,0.3227118644067796,0.6135593220338984,0.7203389830508474,0.8245762711864406,1.5254237288135593,3.0118644067796607,0.4771016949152542,0.47915254237288135
Avery Bradley,PG,31,0,5.2,1.7,0.1,0.4,0.5,0.4,0.29,0.0,0.5,0.6,0.7,2.2,0.34299999999999997,0.0,0.2,0.0,0.2,0.4,0.5,0.7,2.0,0.371,0.34
Kendrick Perkins,C,29,24,25.57241379310345,6.010344827586207,2.134482758620689,5.848275862068966,7.982758620689655,0.8586206896551725,0.31068965517241376,0.8944827586206896,1.9241379310344828,3.1586206896551725,2.3482758620689657,4.489655172413793,0.5132758620689656,0.0,0.0,0.0,1.3724137931034481,2.479310344827586,0.5506896551724138,2.3482758620689657,4.489655172413793,0.5132758620689656,0.5106896551724138
Nenad Krstic,C,71,67,22.13943661971831,8.107042253521126,1.735211267605634,3.0028169014084507,4.704225352112676,0.36619718309859156,0.3630985915492958,0.3498591549295774,0.8014084507042253,2.604225352112676,3.2338028169014086,6.3647887323943655,0.5111830985915492,0.0,0.0,0.0,1.5732394366197184,2.0422535211267605,0.7830985915492958,3.2338028169014086,6.3647887323943655,0.5111830985915492,0.5135211267605634
Jermaine O'Neal,C,24,10,18.0,5.400000000000001,1.0,2.6,3.7000000000000006,0.5,0.08,1.25,1.1,2.7000000000000006,2.1,4.5,0.4589999999999999,0.0,0.0,0.0,1.2,1.8,0.67,2.1,4.5,0.4629999999999999,0.46
Glen Davis,PF,78,13,29.5,11.7,1.3,4.2,5.4,1.2,1.0,0.38,1.1,3.0,4.6,10.3,0.44799999999999995,0.0,0.2,0.133,2.5,3.4,0.74,4.6,10.1,0.454,0.45
Carlos Arroyo,PG,64,43,18.51875,4.85,0.346875,1.3296875,1.5765625,1.9296875,0.33218749999999997,0.0153125,0.946875,1.0828125,1.8484375000000002,4.290625,0.42424999999999996,0.50625,1.065625,0.47596874999999994,0.6234375,0.7234375,0.828125,1.3421875,3.225,0.419359375,0.4825
Kris Humphries,PF,74,44,27.9,10.0,3.0,7.4,10.4,1.1,0.45000000000000007,1.08,1.4,2.3,4.1,7.9,0.527,0.0,0.0,0.0,1.7,2.6,0.66,4.1,7.9,0.527,0.53
Mario West,SG,6,3,19.3,3.7000000000000006,0.3,1.5,1.8,1.7,1.17,0.0,0.3,2.2,1.5,3.5,0.429,0.20000000000000004,0.6999999999999998,0.25,0.5,0.8000000000000002,0.6,1.3,2.7999999999999994,0.47100000000000003,0.45
Anthony Morrow,SG,58,47,32.0,13.2,0.6,2.3,3.0,1.2,0.33,0.12,0.9,2.3,4.8,10.7,0.45,1.9,4.5,0.423,1.7,1.8,0.9,2.9,6.2,0.469,0.54
Stephen Graham,SF,59,28,16.3,3.4,0.3,1.8,2.1,0.7,0.24,0.02,0.6,1.8,1.4,3.4,0.405,0.1,0.4,0.23800000000000002,0.5,0.6,0.82,1.3,3.0,0.425,0.42
Brandan Wright,PF,37,2,10.251351351351351,3.827027027027027,0.8729729729729729,1.5594594594594595,2.4324324324324325,0.2864864864864865,0.2956756756756757,0.46270270270270275,0.4135135135135135,0.9000000000000001,1.627027027027027,3.172972972972973,0.5182432432432432,0.0,0.0,0.0,0.5594594594594594,0.8729729729729729,0.6383783783783783,1.627027027027027,3.172972972972973,0.5182432432432432,0.5178378378378379
Dan Gadzuric,C,42,9,11.033333333333333,2.8,1.6999999999999997,1.5333333333333334,3.2333333333333334,0.33333333333333337,0.31,0.6900000000000001,0.7333333333333334,2.1999999999999997,1.2666666666666668,3.0333333333333337,0.41833333333333333,0.0,0.0,0.0,0.2666666666666667,0.6333333333333334,0.3666666666666667,1.2666666666666668,3.0333333333333337,0.4216666666666667,0.4166666666666667
Sundiata Gaines,PG,24,0,12.533333333333333,4.608333333333333,0.525,1.0333333333333334,1.5916666666666668,1.758333333333333,0.6691666666666666,0.0425,1.1333333333333335,1.05,1.7583333333333335,4.383333333333333,0.387,0.39166666666666666,1.5999999999999999,0.25891666666666663,0.7333333333333334,1.5166666666666666,0.47833333333333333,1.3666666666666665,2.783333333333333,0.4693333333333333,0.4291666666666667
Ben Uzoh,PG,42,0,10.4,3.8,0.7,0.7,1.5,1.6,0.31,0.19,0.6,0.7,1.5,3.3999999999999995,0.424,0.1,0.2,0.375,0.8,1.3,0.59,1.4,3.2,0.426,0.43
Jordan Farmar,PG,73,18,24.6,9.6,0.3,2.0,2.4,5.0,0.85,0.08,1.9,1.8,3.5,8.9,0.392,1.5,4.2,0.359,1.1,1.4,0.82,2.0,4.7,0.42100000000000004,0.48
Deron Williams,PG,65,65,37.918461538461536,20.13692307692308,0.6184615384615384,3.4107692307692306,4.029230769230769,10.272307692307692,1.2173846153846153,0.2336923076923077,3.5184615384615383,2.9553846153846153,6.612307692307692,14.996923076923077,0.437876923076923,1.626153846153846,4.900000000000001,0.3313384615384615,5.34923076923077,6.34923076923077,0.838923076923077,4.9861538461538455,10.096923076923078,0.4888461538461539,0.4896923076923077
Terrence Williams,SG,21,0,13.790476190476191,5.023809523809524,0.1952380952380952,2.2523809523809524,2.4476190476190474,1.7904761904761906,0.4266666666666667,0.0,1.5571428571428574,1.2095238095238094,2.0619047619047617,5.466666666666667,0.36347619047619045,0.29523809523809524,1.0428571428571427,0.2633333333333333,0.6571428571428571,1.0,0.6676190476190476,1.7666666666666668,4.423809523809524,0.39166666666666666,0.38857142857142857
Devin Harris,PG,71,70,31.732394366197184,15.191549295774646,0.247887323943662,2.1521126760563383,2.3999999999999995,7.073239436619718,0.988169014084507,0.09718309859154929,2.8999999999999995,2.280281690140845,4.823943661971831,11.419718309859157,0.4221267605633803,0.8154929577464789,2.5028169014084507,0.31364788732394366,4.728169014084507,5.676056338028169,0.8328169014084508,4.0084507042253525,8.916901408450704,0.4498450704225352,0.4571830985915493
Joe Smith,PF,16,3,4.3500000000000005,0.5,0.22500000000000003,1.1,1.325,0.3,0.0,0.2475,0.35,0.8,0.22500000000000003,1.0,0.18774999999999997,0.0,0.0,0.0,0.15000000000000002,0.15000000000000002,0.75,0.22500000000000003,1.0,0.18774999999999997,0.19
Travis Outlaw,SF,82,55,28.799999999999997,9.2,0.7,3.2999999999999994,4.0,1.0,0.41,0.44,0.8999999999999999,1.7999999999999998,3.2999999999999994,8.9,0.375,0.8999999999999999,3.1,0.302,1.6000000000000003,2.1,0.77,2.4,5.8,0.413,0.43
Johan Petro,C,77,1,11.6,3.5,0.8,1.8999999999999997,2.8,0.6,0.44000000000000006,0.44000000000000006,0.6,2.3,1.7000000000000002,3.7999999999999994,0.445,0.0,0.1,0.0,0.2,0.4,0.54,1.7000000000000002,3.7000000000000006,0.45100000000000007,0.44000000000000006
Derrick Favors,PF,78,27,19.6974358974359,6.8358974358974365,2.215384615384615,3.128205128205128,5.271794871794873,0.5128205128205128,0.3707692307692308,0.871025641025641,1.0,3.187179487179487,2.753846153846154,5.323076923076924,0.5160769230769231,0.0,0.0,0.0,1.3564102564102565,2.241025641025641,0.5958974358974358,2.753846153846154,5.323076923076924,0.5160769230769231,0.5156410256410257
Orien Greene,PG,3,0,1.7,1.0,0.0,0.0,0.0,0.3,0.33,0.0,0.0,0.0,0.3,0.6999999999999998,0.5,0.0,0.0,0.0,0.3,0.6999999999999998,0.5,0.3,0.6999999999999998,0.5,0.5
Quinton Ross,SF,36,4,9.8,1.6,0.3,0.6,0.8,0.3,0.08,0.17,0.2,1.1,0.7,1.6,0.441,0.0,0.1,0.0,0.1,0.4,0.36,0.7,1.5,0.464,0.44
Damion James,SF,25,9,16.1,4.4,0.7,2.7,3.4,0.8,0.64,0.48,1.0,1.4,1.8,4.1,0.447,0.0,0.1,0.0,0.7,1.1,0.64,1.8,4.0,0.46,0.45
Sasha Vujacic,SG,67,17,24.62537313432836,9.823880597014924,0.43432835820895527,2.305970149253732,2.823880597014925,2.004477611940298,0.8088059701492537,0.07522388059701493,1.001492537313433,2.0208955223880594,3.5417910447761187,8.870149253731343,0.3948059701492537,1.4701492537313432,3.943283582089552,0.3788507462686568,1.1865671641791042,1.4537313432835821,0.7925373134328358,2.0716417910447764,4.9268656716417905,0.4124626865671643,0.476865671641791
Brook Lopez,C,82,82,35.2,20.4,2.4,3.5,6.0,1.6000000000000003,0.57,1.46,2.1,2.9,7.900000000000001,16.0,0.492,0.0,0.0,0.0,4.7,6.0,0.79,7.900000000000001,16.0,0.492,0.49
Raymond Felton,PG,75,54,36.495999999999995,15.532000000000002,0.616,2.984,3.6,8.3,1.6683999999999999,0.14400000000000002,2.964,2.016,5.712,13.372000000000002,0.42524,1.516,4.412,0.36467999999999995,2.592,3.26,0.8,4.196,8.96,0.45672000000000007,0.48560000000000003
Shawne Williams,SF,64,11,20.7,7.1,0.9,2.8,3.7,0.7,0.61,0.8,0.7,2.6,2.6,6.0,0.426,1.3,3.3,0.401,0.6,0.8,0.84,1.3,2.7,0.457,0.54
Shelden Williams,C,59,38,15.44406779661017,4.469491525423728,1.598305084745763,3.010169491525424,4.608474576271186,0.5864406779661017,0.3896610169491525,0.4393220338983051,0.7559322033898307,2.142372881355932,1.769491525423729,3.723728813559322,0.47749152542372875,0.0,0.0,0.0,0.9728813559322034,1.2728813559322032,0.7659322033898305,1.769491525423729,3.723728813559322,0.47749152542372875,0.47593220338983055
Anthony Randolph,SF,40,3,14.745,7.619999999999999,1.0599999999999998,2.9074999999999998,4.01,0.8025,0.5505000000000001,0.60225,1.3474999999999997,1.5325,3.0425000000000004,6.5675,0.418525,0.0425,0.085,0.10625,1.4925000000000002,2.1375,0.615,3.0,6.4825,0.421075,0.42350000000000004
Timofey Mozgov,C,45,14,11.666666666666666,3.6333333333333333,1.0288888888888887,1.7044444444444442,2.708888888888889,0.3022222222222223,0.3317777777777778,0.5577777777777778,0.7533333333333333,1.8333333333333337,1.3777777777777778,2.957777777777778,0.47866666666666663,0.0,0.0,0.0,0.8022222222222223,1.1533333333333335,0.7122222222222222,1.3777777777777778,2.957777777777778,0.47866666666666663,0.4746666666666667
Carmelo Anthony,SF,77,77,35.74545454545455,25.585714285714285,1.5,5.7844155844155845,7.2844155844155845,2.8701298701298703,0.8845454545454545,0.598961038961039,2.6597402597402597,2.9103896103896103,8.84025974025974,19.51038961038961,0.4551558441558442,1.2207792207792207,3.2363636363636363,0.3649090909090909,6.619480519480519,7.8441558441558445,0.8375324675324675,7.61948051948052,16.274025974025975,0.4707012987012987,0.48402597402597397
Landry Fields,SG,82,81,31.0,9.7,1.3,5.1,6.400000000000001,1.8999999999999997,0.98,0.21,1.3,1.4,3.5999999999999996,7.300000000000001,0.49700000000000005,1.0,2.7,0.393,1.4,1.7999999999999998,0.77,2.6,4.6,0.556,0.57
Wilson Chandler,SF,72,49,33.3625,15.262500000000001,1.025,4.612500000000001,5.6375,1.6708333333333334,0.67,1.3029166666666667,1.4458333333333333,2.7666666666666666,5.933333333333334,13.270833333333334,0.44875000000000004,1.5541666666666667,4.449999999999999,0.3498333333333334,1.8125,2.2125000000000004,0.81,4.379166666666666,8.820833333333333,0.49874999999999997,0.5054166666666666
Amar'e Stoudemire,PF,78,78,36.8,25.3,2.5,5.6,8.2,2.6,0.91,1.92,3.2,3.5,9.5,19.0,0.502,0.1,0.3,0.435,6.1,7.7,0.79,9.4,18.7,0.503,0.51
Jared Jeffries,PF,42,9,14.328571428571431,1.7857142857142858,1.5,1.2571428571428573,2.7571428571428567,0.8285714285714285,0.7385714285714285,0.4042857142857142,0.48571428571428565,1.8285714285714285,0.7142857142857143,2.0571428571428574,0.3482857142857143,0.04285714285714286,0.18571428571428572,0.26185714285714284,0.2571428571428571,0.7142857142857143,0.4114285714285715,0.6714285714285715,1.8714285714285712,0.36157142857142854,0.36
Roger Mason Jr.,SG,26,0,12.3,2.8999999999999995,0.2,1.5,1.6999999999999997,0.8,0.23,0.08,0.2,1.0,1.0,3.0,0.33799999999999997,0.6,1.6999999999999997,0.364,0.3,0.4,0.7,0.4,1.3000000000000003,0.303,0.44
Chauncey Billups,PG,72,72,32.09583333333333,16.791666666666668,0.31666666666666665,2.2874999999999996,2.6750000000000003,5.358333333333333,0.985,0.19916666666666666,2.441666666666667,2.004166666666667,4.716666666666667,11.024999999999999,0.42779166666666657,2.0708333333333337,5.0791666666666675,0.40804166666666664,5.345833333333333,5.804166666666666,0.9141666666666668,2.6458333333333335,5.945833333333334,0.4470833333333333,0.5225000000000001
Derrick Brown,SF,49,1,11.753061224489798,3.79795918367347,0.8489795918367349,1.2183673469387755,1.9836734693877551,0.6673469387755102,0.40795918367346945,0.20816326530612247,0.7326530612244898,1.2326530612244897,1.5,2.7183673469387752,0.568265306122449,0.0653061224489796,0.16530612244897963,0.4010816326530612,0.6489795918367346,1.1816326530612247,0.5316326530612245,1.4346938775510203,2.553061224489796,0.5743877551020409,0.5910204081632653
Anthony Carter,PG,33,0,14.009090909090908,3.3393939393939394,0.23030303030303031,1.3606060606060606,1.5909090909090908,2.1303030303030304,0.8184848484848485,0.1793939393939394,1.1727272727272728,1.5151515151515151,1.3333333333333333,3.1939393939393943,0.40669696969696967,0.3575757575757576,1.2454545454545456,0.30593939393939396,0.21515151515151518,0.21515151515151518,1.0,0.9757575757575756,1.9484848484848485,0.46542424242424235,0.4633333333333333
Toney Douglas,PG,81,9,24.3,10.6,0.7999999999999999,2.2,3.0,3.0,1.1,0.049999999999999996,1.1,2.2,3.9,9.3,0.41600000000000004,1.8,4.7,0.373,1.0,1.3,0.79,2.1,4.6,0.4600000000000001,0.51
Renaldo Balkman,SF,8,0,7.75,2.0,0.2375,0.6375,0.875,0.25,0.49875,0.25,0.11249999999999999,1.8625,0.7375,1.6125,0.44125000000000003,0.11249999999999999,0.26249999999999996,0.1875,0.375,0.5,0.46875,0.625,1.35,0.34750000000000003,0.49250000000000005
Ronny Turiaf,C,64,21,17.8,4.2,1.0,2.2,3.2,1.4,0.55,1.14,0.6,2.5,1.6,2.5,0.632,0.0,0.0,0.0,1.0,1.5,0.62,1.6,2.5,0.632,0.63
Danilo Gallinari,SF,62,60,33.91935483870968,15.629032258064516,0.9548387096774194,3.980645161290322,4.935483870967742,1.6774193548387097,0.8216129032258065,0.4387096774193549,1.335483870967742,2.287096774193548,4.287096774193548,10.329032258064515,0.41432258064516125,1.6322580645161289,4.751612903225807,0.3521935483870968,5.445161290322581,6.270967741935484,0.8629032258064516,2.6548387096774198,5.5774193548387085,0.46677419354838706,0.49774193548387097
Andy Rautins,SG,5,0,4.8,1.6,0.0,0.2,0.2,0.6,0.2,0.0,1.4,0.0,0.6,1.4,0.429,0.2,0.8,0.25,0.2,0.4,0.5,0.4,0.6,0.667,0.5
Bill Walker,SF,61,1,12.9,4.9,0.3,1.7,2.0,0.6,0.34,0.1,0.6,1.3,1.7,3.9,0.441,1.0,2.5,0.386,0.5,0.7,0.7,0.7,1.4,0.542,0.57
Thaddeus Young,SF,82,1,26.0,12.699999999999998,1.8999999999999997,3.4000000000000004,5.3,1.0,1.1,0.32,1.2,2.1,5.6,10.3,0.541,0.10000000000000002,0.3,0.273,1.5,2.1,0.71,5.5,10.0,0.5479999999999999,0.54
Antonio Daniels,PG,4,0,8.8,1.5,0.0,1.3,1.3,0.5,0.0,0.0,0.3,0.0,0.5,1.3,0.4,0.0,0.5,0.0,0.5,0.5,1.0,0.5,0.8,0.667,0.4
Andres Nocioni,SF,54,17,17.2,6.1,0.4,2.8,3.1,0.8,0.26,0.28,0.9,1.9,2.2,5.1,0.42599999999999993,0.8,2.2,0.3560000000000001,0.9,1.1,0.8,1.4,2.9,0.478,0.5
Andre Iguodala,SG,67,67,36.9,14.1,0.9,4.9,5.8,6.3,1.51,0.57,2.1,1.6,5.0,11.3,0.445,0.9,2.7,0.337,3.1,4.5,0.69,4.1,8.6,0.4789999999999999,0.49
Tony Battie,C,38,0,9.9,2.6,0.4,2.2,2.6,0.3,0.13,0.39,0.3,1.6,1.2,2.5,0.469,0.1,0.1,0.667,0.2,0.4,0.57,1.1,2.4,0.462,0.48
Darius Songaila,PF,10,0,7.1,1.6,0.2,0.8,1.0,0.2,0.0,0.0,0.4,1.6,0.7,1.5,0.46699999999999997,0.0,0.0,0.0,0.2,0.4,0.5,0.7,1.5,0.46699999999999997,0.4699999999999999
Spencer Hawes,PF,81,81,21.2,7.2,1.5999999999999999,4.1,5.7,1.5,0.36,0.88,1.2,2.5,3.3000000000000003,7.0,0.46499999999999997,0.09999999999999999,0.5,0.243,0.6,1.1,0.53,3.1999999999999997,6.5,0.4799999999999999,0.47000000000000003
Marreese Speights,PF,64,1,11.5,5.4,1.0,2.3,3.3,0.5,0.13,0.3,0.6,1.9,2.3,4.5,0.495,0.0,0.1,0.25,0.9,1.1,0.75,2.3,4.4,0.498,0.5
Elton Brand,PF,81,81,34.7,15.0,2.9,5.4,8.3,1.5,1.14,1.31,1.2,3.0,6.2,12.1,0.512,0.0,0.0,0.0,2.6,3.4,0.78,6.2,12.1,0.512,0.51
Jrue Holiday,PG,82,82,35.4,14.0,0.8000000000000002,3.2000000000000006,4.0,6.5,1.46,0.35,2.7,2.5,5.4,12.2,0.446,1.0,2.7,0.365,2.1,2.5,0.82,4.4,9.5,0.47,0.49
Louis Williams,SG,75,0,23.3,13.7,0.4,1.6,2.0,3.4,0.63,0.23,1.4,1.7,4.3,10.6,0.406,1.2,3.4,0.348,3.9,4.7,0.82,3.1,7.2,0.43399999999999994,0.46
Craig Brackins,PF,3,0,11.0,2.7000000000000006,0.6999999999999998,0.6999999999999998,1.3,0.3,0.33,0.0,0.0,1.0,1.3,5.3,0.25,0.0,1.7,0.0,0.0,0.0,0.0,1.3,3.6,0.36400000000000005,0.25
Evan Turner,SG,78,14,23.0,7.2,0.5,3.4,3.9,2.0,0.63,0.18,1.0,1.8,2.9,6.8,0.425,0.2,0.6,0.318,1.3,1.6,0.81,2.7,6.2,0.435,0.44
Jason Kapono,SG,24,2,4.7,0.6999999999999998,0.10000000000000002,0.3,0.5,0.20000000000000004,0.08,0.04,0.10000000000000002,0.20000000000000004,0.3,1.2,0.25,0.0,0.3,0.125,0.0,0.10000000000000002,0.5,0.3,0.9,0.3,0.27
Jodie Meeks,SG,74,64,27.9,10.5,0.3,2.0,2.3,1.1,0.85,0.05,0.8,1.3,3.3,7.700000000000001,0.425,1.9,4.7,0.397,2.1,2.3,0.89,1.4,3.0,0.46799999999999997,0.55
Ed Davis,PF,65,17,24.6,7.7,2.6,4.5,7.1,0.6,0.6,1.03,0.7,2.8,3.3,5.7,0.5760000000000001,0.0,0.0,0.0,1.1,2.0,0.55,3.3,5.7,0.5760000000000001,0.58
Joey Dorsey,PF,43,9,12.1,3.1,1.8,2.6,4.4,0.6,0.56,0.39999999999999997,0.9,1.8,1.2,2.3,0.525,0.0,0.0,0.0,0.7,1.5,0.48000000000000004,1.2,2.3,0.525,0.53
Jarrett Jack,PG,83,15,20.712048192771082,8.860240963855421,0.2469879518072289,1.872289156626506,2.103614457831325,2.897590361445783,0.6498795180722892,0.07590361445783132,1.3349397590361447,1.225301204819277,3.109638554216868,7.7132530120481935,0.4090240963855422,0.38433734939759034,1.2939759036144578,0.3171204819277108,2.172289156626506,2.572289156626506,0.853132530120482,2.725301204819277,6.419277108433734,0.42875903614457833,0.43530120481927714
Ronald Dupree,SF,3,0,4.3,0.6999999999999998,0.0,1.0,1.0,0.3,0.0,0.0,0.0,0.6999999999999998,0.3,1.3,0.25,0.0,0.3,0.0,0.0,0.0,0.0,0.3,1.0,0.33299999999999996,0.25
Trey Johnson,SG,8,0,11.775,4.25,0.2625,0.6124999999999999,0.875,1.4000000000000001,0.12250000000000001,0.12250000000000001,0.6124999999999999,1.5250000000000001,1.4749999999999999,4.137499999999999,0.3747499999999999,0.08750000000000001,0.35000000000000003,0.29137499999999994,1.125,1.2125000000000001,0.895,1.3875,3.7875,0.3747499999999999,0.38999999999999996
Amir Johnson,PF,72,54,25.7,9.6,2.6,3.7999999999999994,6.4,1.1,0.74,1.22,1.0,3.7000000000000006,3.9000000000000004,6.9,0.568,0.0,0.0,0.0,1.7999999999999998,2.2,0.79,3.9000000000000004,6.9,0.569,0.57
David Andersen,C,40,0,9.3225,3.3600000000000003,0.48250000000000004,1.6024999999999998,2.085,0.31,0.125,0.2265,0.5549999999999999,1.0,1.375,3.0675,0.45782500000000004,0.22750000000000004,0.5375,0.361625,0.31,0.5275000000000001,0.61575,1.1475000000000002,2.5300000000000002,0.48155000000000003,0.491
Alexis Ajinca,C,34,2,9.970588235294118,4.241176470588235,0.5,1.7647058823529411,2.264705882352941,0.27058823529411763,0.3211764705882353,0.556470588235294,0.5235294117647058,2.1470588235294117,1.7647058823529411,3.905882352941177,0.4385294117647059,0.37058823529411766,0.9823529411764708,0.36123529411764704,0.4117647058823529,0.5117647058823529,0.7123529411764705,1.3941176470588237,2.923529411764706,0.4687058823529412,0.48352941176470593
Reggie Evans,PF,30,18,26.6,4.4,4.0,7.5,11.5,1.3,0.97,0.2,1.3,3.0,1.4,3.4,0.408,0.0,0.0,0.0,1.6,2.9,0.55,1.4,3.4,0.41200000000000003,0.41
Solomon Alabi,C,12,0,4.9,0.5,0.6,0.6,1.2,0.20000000000000004,0.17,0.17,0.3,0.4000000000000001,0.3,1.3,0.20000000000000004,0.0,0.0,0.0,0.0,0.20000000000000004,0.0,0.3,1.3,0.20000000000000004,0.20000000000000004
Jose Calderon,PG,68,55,30.9,9.8,0.4,2.5,3.0,8.9,1.19,0.1,2.2,2.1,3.9,8.8,0.44,0.8,2.3,0.365,1.3,1.5,0.85,3.1,6.5,0.466,0.49
DeMar DeRozan,SG,82,82,34.8,17.2,0.8999999999999999,2.9,3.7999999999999994,1.7999999999999998,1.04,0.38,1.7999999999999998,2.6,6.599999999999999,14.100000000000001,0.467,0.10000000000000002,0.6,0.096,4.0,4.9,0.81,6.5,13.5,0.48499999999999993,0.47
Linas Kleiza,SF,39,23,26.5,11.2,0.9,3.6,4.5,1.0,0.49,0.18,1.7,2.5,4.6,10.4,0.43799999999999994,1.0,3.4,0.298,1.1,1.7,0.63,3.6,7.0,0.505,0.49
Marcus Banks,PG,3,0,7.3,2.0,0.0,0.3,0.3,1.0,0.33,0.0,0.6999999999999998,1.3,0.0,0.6999999999999998,0.0,0.0,0.0,0.0,2.0,2.7000000000000006,0.75,0.0,0.6999999999999998,0.0,0.0
Jerryd Bayless,PG,71,14,21.1056338028169,9.147887323943662,0.36901408450704226,1.96056338028169,2.3295774647887324,3.767605633802817,0.5349295774647886,0.07309859154929578,1.7535211267605635,2.091549295774648,3.1056338028169015,7.288732394366197,0.4162957746478873,0.7225352112676056,2.0605633802816903,0.32723943661971827,2.3830985915492957,2.936619718309859,0.8022535211267606,2.3830985915492957,5.228169014084507,0.4515492957746479,0.4645070422535211
Andrea Bargnani,C,66,66,35.7,21.4,1.1,4.1,5.2,1.8,0.52,0.7,2.3,2.4,8.0,17.8,0.44799999999999995,1.2,3.4,0.345,4.3,5.3,0.82,6.8,14.4,0.47200000000000003,0.48
Leandro Barbosa,SG,58,0,24.1,13.3,0.2,1.5,1.7,2.1,0.8600000000000001,0.1,1.4,1.9,5.1,11.3,0.45,1.2,3.7,0.33799999999999997,1.9,2.4,0.8,3.9,7.6,0.505,0.51
Julian Wright,SF,52,6,14.7,3.6000000000000005,0.9000000000000001,1.4,2.3,1.1,0.75,0.38,0.8,0.9000000000000001,1.6,3.1000000000000005,0.513,0.0,0.2,0.2,0.4,0.8,0.51,1.6,2.8999999999999995,0.5329999999999999,0.52
Sonny Weems,SF,59,28,23.9,9.2,0.7,1.9,2.6,1.8,0.58,0.03,1.5,1.5,3.9,8.7,0.444,0.3,1.0,0.27899999999999997,1.2,1.6,0.77,3.6,7.7,0.467,0.46
Peja Stojakovic,SF,33,13,18.66060606060606,8.484848484848484,0.45454545454545453,1.8636363636363635,2.242424242424242,0.8939393939393939,0.39333333333333337,0.06060606060606061,0.4909090909090909,0.7363636363636363,3.0545454545454547,6.909090909090909,0.44451515151515153,1.7363636363636363,4.127272727272727,0.4234545454545455,0.696969696969697,0.7333333333333333,0.9290909090909091,1.3181818181818181,2.7818181818181817,0.46818181818181814,0.5709090909090909
James Johnson,PF,38,25,21.67105263157895,7.14736842105263,0.9605263157894737,2.781578947368421,3.7078947368421056,2.35,0.8700000000000001,0.9728947368421053,1.6631578947368422,2.4921052631578946,2.8131578947368423,6.226315789473684,0.4472368421052631,0.19999999999999998,0.8973684210526316,0.23384210526315788,1.2236842105263157,1.855263157894737,0.6244736842105263,2.613157894736842,5.328947368421052,0.4874210526315789,0.4663157894736842
Lou Amundson,PF,46,7,15.0,4.3,1.8,2.3,4.0,0.4,0.3,0.72,0.5,1.9,1.8,4.0,0.4539999999999999,0.0,0.0,0.0,0.7,1.9,0.39,1.8,4.0,0.4539999999999999,0.45
Rodney Carney,SG,27,1,12.407407407407407,4.703703703703703,0.5,1.2962962962962963,1.7962962962962963,0.37037037037037035,0.4444444444444444,0.18518518518518517,0.5555555555555556,1.2037037037037037,1.7037037037037037,4.092592592592593,0.4144814814814815,0.6481481481481481,1.4259259259259258,0.425,0.6481481481481481,1.0185185185185186,0.6203703703703703,1.0555555555555556,2.6666666666666665,0.4074074074074074,0.4874074074074074
Al Thornton,SF,71,23,19.476056338028172,7.380281690140845,0.776056338028169,2.1690140845070425,3.0140845070422535,0.8450704225352113,0.49253521126760563,0.1676056338028169,0.9000000000000001,2.007042253521127,2.852112676056338,6.080281690140846,0.476887323943662,0.06901408450704226,0.34507042253521125,0.1104225352112676,1.5760563380281691,2.0140845070422535,0.7816901408450704,2.7830985915492956,5.735211267605634,0.49638028169014087,0.48309859154929574
Acie Law,PG,51,0,14.22549019607843,4.237254901960784,0.2215686274509804,1.0137254901960784,1.2352941176470589,1.692156862745098,0.6266666666666667,0.0,0.8215686274509804,1.2137254901960783,1.6333333333333333,3.66078431372549,0.4003529411764706,0.1568627450980392,0.7352941176470589,0.1568627450980392,0.8921568627450981,1.2921568627450981,0.7254901960784313,1.476470588235294,2.925490196078431,0.46237254901960784,0.41882352941176476
Reggie Williams,SG,80,9,20.3,9.2,0.6,2.1,2.7,1.5,0.35,0.04,0.7,1.6,3.4,7.2,0.469,1.3,3.0,0.42299999999999993,1.3,1.7,0.75,2.1,4.2,0.502,0.56
Stephen Curry,PG,74,74,33.6,18.6,0.7,3.2,3.8999999999999995,5.8,1.47,0.27,3.1,3.1,6.8,14.2,0.4799999999999999,2.0,4.6,0.442,2.9,3.1,0.93,4.8,9.6,0.49799999999999994,0.55
Ekpe Udoh,PF,58,18,17.8,4.1,1.4,1.7,3.1,0.7,0.38,1.48,0.8,2.5,1.7,3.8,0.43700000000000006,0.0,0.0,0.0,0.7,1.1,0.66,1.7,3.8,0.43700000000000006,0.44
Monta Ellis,SG,80,80,40.3,24.1,0.6,3.0,3.5,5.6,2.1,0.29,3.2,2.5,9.1,20.1,0.45099999999999996,1.7,4.7,0.361,4.3,5.4,0.79,7.4,15.4,0.4779999999999999,0.49000000000000005
Vladimir Radmanovic,SF,74,6,15.8,5.1,0.9000000000000001,2.0,2.9,1.1,0.59,0.59,0.8,2.1,1.9,4.3,0.431,0.9000000000000001,2.3,0.405,0.4,0.5,0.8800000000000001,1.0,2.0,0.462,0.54
David Lee,PF,73,73,36.1,16.5,3.0,6.8,9.8,3.2,1.01,0.42,2.3,2.9,6.8,13.4,0.507,0.0,0.0,0.33299999999999996,2.9,3.7,0.79,6.8,13.4,0.508,0.51
Jeremy Lin,PG,29,0,9.8,2.6,0.4,0.8,1.2,1.4,1.14,0.31,0.6,1.1,1.0,2.5,0.389,0.0,0.2,0.2,0.7,0.9,0.76,1.0,2.3,0.40299999999999997,0.4
Andris Biedrins,C,59,55,23.7,5.0,2.5,4.8,7.2,1.0,0.88,0.88,1.0,3.4,2.4,4.5,0.534,0.0,0.0,0.0,0.2,0.5,0.32,2.4,4.5,0.534,0.53
Charlie Bell,SG,19,0,9.0,1.7,0.3,0.6,0.9,0.7,0.32,0.05,0.3,0.7,0.6,2.3,0.27899999999999997,0.3,1.1,0.28600000000000003,0.1,0.2,0.5,0.3,1.2,0.273,0.35
Jeff Adrien,SF,23,0,8.5,2.5,1.0,1.5,2.5,0.4,0.17,0.21999999999999997,0.4,1.2,1.0,2.3,0.426,0.0,0.0,0.0,0.5,0.8,0.58,1.0,2.3,0.426,0.43000000000000005
Dorell Wright,SF,82,82,38.4,16.4,1.1,4.2,5.3,3.0,1.51,0.77,1.6000000000000003,2.1,5.9,14.0,0.423,2.4,6.300000000000001,0.376,2.2,2.8,0.79,3.5,7.699999999999999,0.462,0.51
Willie Warren,SG,19,0,7.1000000000000005,1.9000000000000001,0.1,0.6,0.6,1.4,0.32,0.0,0.4,0.8,0.7,1.8,0.371,0.3,0.8,0.33299999999999996,0.3,0.4,0.75,0.4,1.0,0.4,0.43999999999999995
Craig Smith,PF,48,0,12.199999999999998,5.400000000000001,0.9,1.5,2.4,0.6,0.33,0.15,0.6999999999999998,1.8,2.2,3.9,0.5529999999999999,0.0,0.10000000000000002,0.0,1.0,1.3999999999999997,0.7399999999999999,2.2,3.7999999999999994,0.568,0.55
Chris Kaman,C,32,15,26.2,12.4,1.6,5.4,7.0,1.4,0.5,1.5,1.8,2.3,5.5,11.8,0.47100000000000003,0.0,0.0,0.0,1.3,1.8,0.75,5.5,11.8,0.47100000000000003,0.47
Jarron Collins,C,28,0,6.442857142857143,0.6464285714285714,0.4964285714285714,0.3285714285714286,0.825,0.03571428571428571,0.13964285714285715,0.032857142857142856,0.23571428571428574,1.0,0.2,0.7892857142857143,0.3033571428571428,0.0,0.0,0.0,0.2464285714285714,0.3285714285714286,0.575,0.2,0.7892857142857143,0.3033571428571428,0.3014285714285715
Randy Foye,SG,63,24,24.6,9.8,0.2,1.4,1.6,2.7,0.75,0.33,1.5,1.9,3.3,8.4,0.38799999999999996,1.1,3.4,0.327,2.1,2.4,0.89,2.2,5.0,0.43,0.45
Eric Bledsoe,PG,81,25,22.7,6.7,0.7999999999999999,1.9000000000000001,2.8,3.6,1.14,0.32,2.4,1.5999999999999999,2.5,6.0,0.424,0.39999999999999997,1.4,0.276,1.2,1.5999999999999999,0.74,2.1,4.6,0.47000000000000003,0.4600000000000001
DeAndre Jordan,C,80,66,25.6,7.1,2.6,4.6,7.2,0.5,0.51,1.78,1.3,3.2,2.9,4.3,0.6859999999999999,0.0,0.0,0.0,1.2,2.7,0.45,2.9,4.3,0.688,0.69
Eric Gordon,SG,56,56,37.7,22.3,0.8,2.1,2.9,4.4,1.27,0.32,2.7,2.1,7.6,16.9,0.45,1.9,5.2,0.364,5.1,6.2,0.82,5.7,11.7,0.488,0.51
Jamario Moon,SF,59,20,17.65084745762712,4.313559322033898,0.4322033898305085,2.406779661016949,2.8389830508474576,0.8745762711864407,0.4786440677966101,0.5640677966101695,0.3677966101694915,1.1288135593220339,1.7067796610169492,4.184745762711865,0.4090847457627119,0.6677966101694915,2.110169491525424,0.3191016949152542,0.3,0.3,0.8842372881355932,1.0389830508474576,2.074576271186441,0.49877966101694915,0.48610169491525423
Brian Cook,PF,40,0,11.2,4.8,0.5,1.9,2.4,0.4,0.3,0.28,0.6,1.9,1.8,4.3,0.42400000000000004,0.9,2.0,0.43,0.4,0.6,0.63,0.9,2.3,0.418,0.52
Ike Diogu,PF,36,0,13.1,5.8,1.1,2.1,3.2,0.1,0.08,0.08,0.6,2.0,2.3,4.1,0.561,0.0,0.0,0.0,1.1,1.7,0.66,2.3,4.1,0.561,0.56
Rasual Butler,SF,47,2,16.338297872340426,4.706382978723404,0.174468085106383,1.4212765957446811,1.6829787234042553,0.6106382978723404,0.174468085106383,0.3227659574468085,0.474468085106383,0.7617021276595746,1.6978723404255318,5.027659574468085,0.35134042553191486,0.9617021276595745,2.8574468085106384,0.3572765957446809,0.348936170212766,0.6106382978723404,0.584468085106383,0.7361702127659575,2.1702127659574466,0.34297872340425534,0.4595744680851063
Ryan Gomes,SF,76,62,27.599999999999998,7.2,0.8,2.5,3.3,1.6,0.82,0.16,0.7,2.1,2.7,6.6,0.41,0.9,2.8,0.341,0.8,1.1,0.72,1.8,3.8000000000000003,0.459,0.48
Blake Griffin,PF,82,82,38.0,22.5,3.2999999999999994,8.8,12.1,3.7999999999999994,0.77,0.55,2.7,3.1,8.5,16.8,0.506,0.10000000000000002,0.3,0.292,5.4,8.5,0.64,8.4,16.5,0.51,0.51
Baron Davis,PG,58,44,28.413793103448278,13.08448275862069,0.6224137931034481,2.0741379310344827,2.6965517241379304,6.767241379310345,1.3443103448275862,0.481551724137931,2.5258620689655173,2.4931034482758623,5.0,11.974137931034482,0.4172931034482759,1.3620689655172413,4.094827586206897,0.3265172413793104,1.7224137931034484,2.2448275862068963,0.7729310344827586,3.6379310344827585,7.879310344827586,0.4564310344827586,0.4755172413793104
Al-Farouq Aminu,SF,81,14,17.9,5.6,0.9,2.4,3.3000000000000003,0.7,0.73,0.31,1.3,1.5,2.0,5.0,0.39399999999999996,0.6,1.8,0.315,1.1,1.5,0.77,1.4,3.1999999999999997,0.43700000000000006,0.45
Mo Williams,PG,58,56,30.851724137931036,14.020689655172415,0.3620689655172414,2.3,2.6241379310344826,6.53103448275862,0.9162068965517242,0.1737931034482759,2.9379310344827583,2.575862068965517,4.975862068965518,12.572413793103449,0.39903448275862063,1.3793103448275863,4.2172413793103445,0.31544827586206897,2.6275862068965514,3.027586206896552,0.8489655172413793,3.5965517241379312,8.355172413793104,0.4367586206896552,0.45034482758620686
Pau Gasol,PF,82,82,37.0,18.8,3.2999999999999994,6.900000000000001,10.2,3.2999999999999994,0.59,1.5899999999999999,1.7000000000000002,2.5,7.199999999999999,13.699999999999998,0.529,0.0,0.0,0.33299999999999996,4.3,5.2,0.82,7.199999999999999,13.699999999999998,0.53,0.53
Theo Ratliff,C,10,0,7.1,0.2,0.6,0.7,1.3,0.3,0.2,0.5,0.3,0.7,0.1,0.6,0.16699999999999998,0.0,0.0,0.0,0.0,0.2,0.0,0.1,0.6,0.16699999999999998,0.17
Steve Blake,PG,79,0,20.0,4.0,0.2,1.6999999999999997,2.0,2.2,0.51,0.04,0.9000000000000001,1.3,1.4,3.8999999999999995,0.359,0.9000000000000001,2.4,0.37799999999999995,0.3,0.4,0.87,0.5,1.5,0.327,0.48000000000000004
Andrew Bynum,C,54,47,27.8,11.3,3.1,6.3,9.4,1.4,0.35,1.96,1.4,2.6,4.4,7.6,0.574,0.0,0.0,0.0,2.6,3.9,0.66,4.4,7.6,0.574,0.57
Lamar Odom,PF,82,35,32.2,14.399999999999999,2.1,6.5,8.7,3.0,0.57,0.74,1.7000000000000002,2.4,5.8,10.9,0.53,0.8000000000000002,2.2,0.382,2.0,3.0,0.67,5.0,8.7,0.5660000000000001,0.57
Luke Walton,SF,54,0,9.0,1.7,0.2,1.1,1.2,1.1,0.17000000000000004,0.07,0.6,0.7,0.7,2.1,0.3279999999999999,0.1,0.6,0.235,0.1,0.2,0.7,0.6,1.5,0.366,0.35999999999999993
Shannon Brown,PG,82,0,19.1,8.7,0.4000000000000001,1.5,1.8999999999999997,1.2,0.82,0.20000000000000004,0.8999999999999999,1.5,3.2999999999999994,7.800000000000001,0.42500000000000004,0.8999999999999999,2.6,0.349,1.1,1.2,0.91,2.4,5.2,0.462,0.48
Derrick Caracter,PF,41,0,5.2,2.0,0.5,0.6,1.0,0.20000000000000004,0.10000000000000002,0.24,0.5,1.1,0.8000000000000002,1.6000000000000003,0.48499999999999993,0.0,0.0,0.0,0.4000000000000001,0.6,0.74,0.8000000000000002,1.6000000000000003,0.48499999999999993,0.48
Kobe Bryant,SG,82,82,33.9,25.299999999999997,1.0,4.1,5.1,4.7,1.21,0.15,3.0,2.1,9.0,20.0,0.451,1.4,4.3,0.32299999999999995,5.9,7.099999999999999,0.8300000000000001,7.599999999999999,15.699999999999998,0.48700000000000004,0.49
Matt Barnes,SF,53,0,19.2,6.7,1.3999999999999997,2.9,4.3,1.3,0.74,0.42,1.1,2.4,2.5,5.3,0.47000000000000003,0.6,2.0,0.318,1.1,1.5,0.78,1.8999999999999997,3.2999999999999994,0.564,0.53
Metta World Peace,SF,82,82,29.399999999999995,8.5,1.2,2.0,3.2999999999999994,2.1,1.51,0.44,1.1,2.2,3.2000000000000006,8.0,0.397,1.0,2.8,0.35600000000000004,1.1,1.7000000000000002,0.68,2.2,5.2,0.419,0.45999999999999996
Devin Ebanks,SF,20,0,5.9,3.1,0.8,0.6,1.4,0.1,0.2,0.25,0.3,0.4,1.1,2.6,0.41200000000000003,0.1,0.3,0.4,0.9,1.2,0.78,1.0,2.3,0.413,0.43
Derek Fisher,PG,82,82,28.0,6.800000000000001,0.20000000000000004,1.7000000000000002,1.8999999999999997,2.7,1.21,0.10000000000000002,0.8999999999999999,2.3,2.5,6.5,0.389,0.8000000000000002,1.8999999999999997,0.396,1.0,1.3,0.81,1.7000000000000002,4.6,0.386,0.44999999999999996
Robin Lopez,C,67,56,14.8,6.4,1.2,2.0,3.2,0.1,0.27,0.67,0.7,2.1,2.7,5.3,0.501,0.0,0.0,0.0,1.1,1.5,0.74,2.7,5.3,0.501,0.5
Mickael Pietrus,SF,57,4,19.400000000000002,7.166666666666667,0.23333333333333334,1.9666666666666666,2.2,0.5666666666666667,0.51,0.36666666666666664,0.7,1.7333333333333334,2.533333333333333,6.433333333333334,0.3916666666666667,1.4666666666666666,4.133333333333333,0.35833333333333334,0.6666666666666666,0.9666666666666667,0.6399999999999999,1.0666666666666667,2.3000000000000003,0.441,0.5066666666666667
Steve Nash,PG,75,75,33.3,14.7,0.5,2.9,3.5,11.4,0.64,0.05,3.5,1.2,5.3,10.8,0.49200000000000005,1.1,2.7,0.395,3.0,3.3,0.91,4.2,8.1,0.525,0.54
Hakim Warrick,PF,80,6,17.7,8.4,1.1,2.6,3.7,0.9,0.4,0.11000000000000001,1.0,1.3,2.9,5.6,0.511,0.0,0.1,0.091,2.7,3.7,0.72,2.9,5.5,0.522,0.51
Channing Frye,PF,77,64,33.0,12.7,0.8,5.8,6.699999999999999,1.2,0.6,1.03,0.8999999999999999,3.5,4.6,10.8,0.43200000000000005,2.2,5.7,0.39,1.2,1.4,0.83,2.4,5.1,0.4789999999999999,0.53
Goran Dragic,SG,70,5,17.611428571428576,7.494285714285715,0.5,1.52,2.02,2.9114285714285715,0.7154285714285714,0.1457142857142857,1.6857142857142857,1.8057142857142856,2.7685714285714282,6.317142857142856,0.4370285714285715,0.82,2.225714285714286,0.35305714285714285,1.1685714285714286,1.874285714285714,0.6288571428571429,1.9485714285714286,4.091428571428571,0.47197142857142854,0.5045714285714286
Marcin Gortat,C,80,14,25.35625,10.1875,1.84375,6.01875,7.8625,0.90625,0.4518750000000001,1.1356249999999999,1.04375,2.375,4.20625,7.53125,0.5567499999999999,0.0,0.06875,0.171875,1.7375,2.41875,0.7112499999999999,4.20625,7.4625,0.5588124999999999,0.5537500000000001
Jason Richardson,SG,80,80,33.93125,15.5875,0.81875,3.30625,4.125,1.8125,1.1625,0.16125,1.2,2.00625,5.925,13.19375,0.44456249999999997,2.3625,5.96875,0.3949375,1.44375,2.00625,0.71875,3.5625,7.225,0.48825,0.5362500000000001
Gani Lawal,PF,1,0,2.0,0.0,0.0,0.0,0.0,0.0,0.0,0.0,0.0,1.0,0.0,0.0,0.0,0.0,0.0,0.0,0.0,0.0,0.0,0.0,0.0,0.0,0.0
Josh Childress,SF,54,3,16.6,5.0,1.3,1.6,2.9,0.8,0.61,0.43,0.8,1.3,2.2,4.0,0.565,0.0,0.3,0.063,0.5,1.1,0.49,2.2,3.7,0.606,0.57
Zabian Dowdell,PG,24,0,12.199999999999998,5.0,0.20000000000000004,0.6,0.8000000000000002,2.1,0.83,0.08,1.2,1.3,2.1,5.2,0.408,0.10000000000000002,0.4000000000000001,0.3,0.6999999999999998,0.6999999999999998,0.94,2.0,4.8,0.41700000000000004,0.42
Jared Dudley,SG,82,15,26.100000000000005,10.6,1.4,2.5,3.9000000000000004,1.3,1.06,0.24,0.8999999999999999,1.7000000000000002,3.7000000000000006,7.699999999999999,0.47700000000000004,1.3,3.1,0.41500000000000004,2.0,2.7,0.74,2.4,4.6,0.519,0.56
Garret Siler,C,21,0,4.8,2.1,0.8,0.6,1.3,0.1,0.05,0.19,0.5,1.0,0.8,1.5,0.5479999999999999,0.0,0.0,0.0,0.5,1.0,0.5,0.8,1.5,0.5479999999999999,0.55
Aaron Brooks,PG,59,12,21.78135593220339,10.752542372881356,0.3423728813559322,0.988135593220339,1.3305084745762712,3.9694915254237286,0.5776271186440678,0.05152542372881356,1.6847457627118645,1.9152542372881356,3.688135593220339,9.959322033898305,0.3815932203389831,1.1881355932203388,4.02542372881356,0.30264406779661013,2.088135593220339,2.357627118644068,0.884915254237288,2.5,5.933898305084746,0.430864406779661,0.4438983050847457
Earl Clark,SF,42,0,11.064285714285713,3.907142857142857,0.8714285714285714,1.4785714285714286,2.3714285714285714,0.24285714285714288,0.18857142857142856,0.42428571428571427,0.6714285714285715,1.0928571428571427,1.6142857142857143,3.7142857142857144,0.42942857142857144,0.0,0.15714285714285717,0.0,0.6785714285714285,1.1,0.5707142857142857,1.6142857142857143,3.5571428571428574,0.44357142857142856,0.4292857142857143
Hedo Turkoglu,SF,81,72,31.35308641975309,10.81358024691358,0.5234567901234568,3.822222222222222,4.4148148148148145,4.235802469135802,0.8859259259259258,0.42172839506172843,1.614814814814815,3.0308641975308643,3.953086419753087,8.875308641975309,0.4455308641975308,1.5308641975308641,3.8308641975308637,0.40986419753086417,1.276543209876543,1.8839506172839509,0.6854320987654321,2.4222222222222225,5.044444444444444,0.4718271604938272,0.5361728395061728
Vince Carter,SG,73,63,28.104109589041094,13.982191780821918,0.7095890410958905,3.041095890410959,3.7506849315068487,1.9917808219178084,0.916986301369863,0.2727397260273973,1.2506849315068496,2.641095890410959,5.35068493150685,12.23972602739726,0.43646575342465754,1.5493150684931507,4.4082191780821915,0.35997260273972603,1.7315068493150685,2.352054794520548,0.7360273972602739,3.8013698630136985,7.831506849315069,0.4769863013698629,0.49904109589041096
Earl Barron,PF,21,7,14.538095238095238,3.747619047619047,1.5,2.0857142857142854,3.5857142857142854,0.5142857142857143,0.3823809523809524,0.28523809523809524,0.7571428571428571,2.2,1.5142857142857142,4.747619047619047,0.3132857142857143,0.0,0.0,0.0,0.719047619047619,1.1666666666666667,0.7238095238095238,1.5142857142857142,4.747619047619047,0.3132857142857143,0.3161904761904762
Grant Hill,SF,80,80,30.1,13.2,1.0,3.3,4.2,2.5,0.8,0.44000000000000006,1.7,2.3,5.0,10.3,0.484,0.6,1.4,0.395,2.7,3.2,0.8299999999999998,4.4,8.9,0.49800000000000005,0.51
Jermaine Taylor,SG,34,8,14.188235294117646,6.582352941176471,0.788235294117647,1.076470588235294,1.788235294117647,0.9882352941176471,0.4105882352941177,0.15058823529411766,1.3352941176470587,1.111764705882353,2.764705882352941,5.758823529411764,0.48164705882352943,0.45294117647058824,1.288235294117647,0.3235294117647059,0.6,0.8,0.7535294117647059,2.3117647058823527,4.470588235294118,0.5289411764705882,0.5147058823529411
Darnell Jackson,PF,59,2,8.2,3.2,0.8,0.8,1.6,0.2,0.2,0.05,0.4,1.0,1.3,2.7,0.48700000000000004,0.1,0.2,0.2730000000000001,0.5,0.8,0.61,1.2,2.5,0.503,0.5
Marcus Thornton,SG,73,23,24.3,12.793150684931508,0.7958904109589041,2.706849315068493,3.502739726027397,1.8246575342465752,0.8760273972602739,0.126986301369863,1.2808219178082192,1.5068493150684932,4.8123287671232875,11.072602739726026,0.4247945205479452,1.2438356164383564,3.2575342465753425,0.37045205479452054,1.9876712328767123,2.5095890410958903,0.7784931506849315,3.5684931506849313,7.815068493150685,0.4481506849315068,0.4784931506849315
Omri Casspi,SF,71,27,24.0,8.6,1.0,3.3,4.3,1.0,0.76,0.18,1.0,1.6,3.2,7.700000000000001,0.41200000000000003,1.3,3.5,0.37200000000000005,1.0,1.4,0.67,1.9000000000000001,4.2,0.445,0.5
Samuel Dalembert,C,80,46,24.2,8.1,2.7,5.6,8.2,0.8,0.45,1.45,1.7,2.8,3.4,7.1,0.473,0.0,0.0,0.0,1.4,1.9,0.73,3.4,7.1,0.47400000000000003,0.4699999999999999
Hassan Whiteside,C,1,0,2.0,0.0,0.0,0.0,0.0,0.0,0.0,0.0,0.0,2.0,0.0,0.0,0.0,0.0,0.0,0.0,0.0,0.0,0.0,0.0,0.0,0.0,0.0
Donte Greene,SF,69,21,16.3,5.8,0.7,1.4,2.1,0.7,0.52,0.29,0.9,1.3,2.3,5.6,0.40399999999999997,0.7,2.2,0.292,0.6,0.9,0.66,1.6,3.4,0.478,0.46
DeMarcus Cousins,C,81,62,28.5,14.1,2.7,6.0,8.6,2.5,1.05,0.8399999999999999,3.3000000000000003,4.1,5.3,12.4,0.43,0.0,0.19999999999999998,0.16699999999999998,3.4,5.0,0.69,5.3,12.2,0.435,0.43
Antoine Wright,SF,7,0,4.4,0.3,0.3,0.1,0.4,0.0,0.14,0.0,0.1,0.4,0.1,1.1,0.125,0.0,0.6,0.0,0.0,0.0,0.0,0.1,0.5,0.25,0.13
Jason Thompson,PF,75,39,23.3,8.8,1.9,4.1,6.1,1.2,0.37,0.59,1.3,2.8,3.6,7.1,0.507,0.0,0.0,0.0,1.6,2.7,0.61,3.6,7.1,0.51,0.51
Luther Head,PG,36,14,16.3,5.6,0.4,1.2,1.7,1.8999999999999997,0.28,0.25,0.8999999999999999,1.2,1.8999999999999997,4.6,0.415,0.7,1.7999999999999998,0.391,1.1,1.4,0.78,1.2,2.8,0.43,0.49
Carl Landry,PF,76,26,26.40921052631579,11.869736842105265,2.188157894736842,2.4,4.588157894736842,0.8092105263157895,0.5276315789473683,0.4223684210526316,1.4092105263157895,2.611842105263158,4.560526315789474,9.009210526315789,0.5025921052631579,0.0,0.06973684210526317,0.0,2.7789473684210524,3.827631578947368,0.7411842105263158,4.560526315789474,8.939473684210526,0.5055921052631579,0.5021052631578947
Tyreke Evans,SF,57,53,37.0,17.8,0.8,4.0,4.8,5.6,1.4899999999999998,0.53,3.2,2.5,6.7,16.4,0.409,0.8,2.6,0.29100000000000004,3.6,4.7,0.77,5.9,13.8,0.43200000000000005,0.42999999999999994
Beno Udrih,PG,79,64,34.6,13.7,0.5,2.8,3.3999999999999995,4.9,1.19,0.11,1.8000000000000003,2.3,5.2,10.4,0.5,0.8,2.3,0.35700000000000004,2.5,2.9,0.86,4.4,8.1,0.54,0.54
Pooh Jeter,PG,62,1,13.8,4.1,0.1,1.0,1.1,2.6,0.47,0.03,0.8,0.9,1.7,4.2,0.409,0.1,0.5,0.2,0.6,0.7,0.9,1.6,3.7,0.43700000000000006,0.42
Francisco Garcia,SG,58,34,23.9,9.7,0.4,1.9,2.3,1.2,0.88,0.84,0.8,2.2,3.6,8.2,0.436,1.4,3.9,0.36200000000000004,1.1,1.3,0.8600000000000001,2.2,4.3,0.502,0.52
Brian Scalabrine,PF,18,0,4.9,1.1,0.1,0.4,0.4,0.3,0.17,0.22,0.3,1.0,0.6,1.1,0.526,0.0,0.3,0.0,0.0,0.0,0.0,0.6,0.8,0.7140000000000001,0.53
Ronnie Brewer,SF,81,1,22.0,6.2,0.7,2.6,3.1999999999999997,1.7,1.31,0.27,0.7,1.0,2.5,5.3,0.4799999999999999,0.09999999999999999,0.3,0.222,1.1,1.5999999999999999,0.65,2.4,5.0,0.498,0.49
Luol Deng,SF,82,82,39.1,17.4,1.4,4.4,5.8,2.8,0.9499999999999998,0.59,1.8999999999999997,2.0,6.5,14.100000000000001,0.45999999999999996,1.4,4.1,0.345,3.1,4.1,0.75,5.1,10.0,0.506,0.51
C.J. Watson,PG,82,1,13.300000000000002,4.9,0.20000000000000004,1.0,1.1,2.3,0.67,0.13,0.8999999999999999,1.0,1.7999999999999998,4.8,0.371,0.5,1.4,0.393,0.8000000000000002,1.1,0.74,1.3,3.4000000000000004,0.36200000000000004,0.43
Derrick Rose,PG,81,81,37.4,25.0,1.0,3.1,4.1,7.7,1.05,0.63,3.4,1.7,8.8,19.7,0.445,1.5999999999999999,4.8,0.332,5.9,6.8999999999999995,0.86,7.2,14.9,0.4810000000000001,0.49
Kurt Thomas,PF,52,37,22.699999999999996,4.1,1.4,4.3,5.799999999999999,1.2,0.62,0.81,0.8,3.2,1.8000000000000003,3.6000000000000005,0.511,0.0,0.0,1.0,0.4,0.6,0.63,1.8000000000000003,3.6000000000000005,0.508,0.51
Joakim Noah,C,48,48,32.8,11.699999999999998,3.7999999999999994,6.599999999999999,10.4,2.2,1.0,1.5,1.8999999999999997,3.2999999999999994,4.4,8.4,0.525,0.0,0.0,0.0,2.9,3.9,0.7399999999999999,4.4,8.4,0.526,0.52
Keith Bogans,SG,82,82,17.8,4.4,0.20000000000000004,1.6000000000000003,1.7999999999999998,1.2,0.45999999999999996,0.11,0.5,1.4,1.5,3.7000000000000006,0.404,1.1,2.9,0.38,0.3,0.4000000000000001,0.66,0.4000000000000001,0.8000000000000002,0.486,0.55
John Lucas III,PG,2,0,5.0,1.0,0.0,0.0,0.0,0.5,0.0,0.0,0.0,0.0,0.5,1.5,0.33299999999999996,0.0,0.5,0.0,0.0,1.0,0.0,0.5,1.0,0.5,0.33
Kyle Korver,SG,82,0,20.1,8.3,0.10000000000000002,1.7000000000000002,1.7999999999999998,1.5,0.43,0.24,0.7,1.8999999999999997,3.0,6.800000000000001,0.434,1.5,3.5,0.41500000000000004,0.8999999999999999,1.1,0.89,1.5,3.2999999999999994,0.455,0.54
Carlos Boozer,PF,59,59,31.9,17.5,2.2,7.4,9.6,2.5,0.76,0.31,2.5,3.2,7.3,14.3,0.51,0.0,0.0,0.0,2.9,4.1,0.7,7.3,14.3,0.51,0.51
Taj Gibson,PF,80,19,21.8,7.1,2.0,3.7,5.7,0.7,0.49000000000000005,1.33,0.9,2.5,2.9,6.3,0.466,0.0,0.1,0.125,1.3,1.9,0.68,2.9,6.2,0.4720000000000001,0.4699999999999999
Omer Asik,C,82,0,12.1,2.8,1.4,2.4,3.7000000000000006,0.4000000000000001,0.24,0.68,0.8000000000000002,1.8999999999999997,1.0,1.7000000000000002,0.5529999999999999,0.0,0.0,0.0,0.8999999999999999,1.7999999999999998,0.5,1.0,1.7000000000000002,0.5529999999999999,0.55
Joey Graham,SF,39,8,15.0,5.2,0.2,1.9,2.2,0.5,0.15,0.18,0.7,1.9,2.1,4.6,0.45799999999999996,0.2,0.8,0.3,0.7,0.9,0.81,1.9,3.8,0.49,0.48
Daniel Gibson,SG,67,15,27.8,11.6,0.4,2.3,2.6,3.0,0.72,0.31,1.2,2.3,3.9000000000000004,9.9,0.4,1.8,4.4,0.40299999999999997,2.0,2.4,0.82,2.1,5.5,0.39799999999999996,0.49
Antawn Jamison,PF,56,38,32.9,18.0,1.5,5.2,6.7,1.7,0.89,0.54,1.4,2.4,6.7,15.6,0.42700000000000005,1.6,4.7,0.34600000000000003,3.1,4.2,0.7299999999999999,5.1,10.9,0.462,0.48
Leon Powe,PF,30,3,10.946666666666665,5.266666666666667,0.78,1.3333333333333333,2.1133333333333337,0.20666666666666667,0.3346666666666666,0.13,0.4,1.4533333333333331,1.9933333333333332,3.9866666666666664,0.49626666666666674,0.0,0.05333333333333334,0.0,1.38,2.433333333333333,0.5399999999999999,1.9933333333333332,3.933333333333333,0.5053333333333333,0.4953333333333333
J.J. Hickson,C,80,66,28.2,13.8,2.7,6.0,8.7,1.1,0.6,0.68,2.2,2.7,5.4,11.7,0.458,0.0,0.1,0.0,3.1,4.6,0.67,5.4,11.6,0.461,0.4600000000000001
Jawad Williams,SF,26,1,15.0,4.0,0.3,1.6,1.8000000000000003,0.8,0.35,0.12000000000000001,0.6,1.3000000000000003,1.6,4.8,0.32500000000000007,0.5,1.6999999999999997,0.289,0.3,0.5,0.75,1.1,3.1000000000000005,0.34600000000000003,0.38
Alonzo Gee,SF,56,34,19.9375,5.891071428571428,1.0892857142857142,2.142857142857143,3.232142857142857,0.6696428571428571,0.7185714285714285,0.32142857142857145,0.9767857142857144,1.6589285714285715,2.1625,4.758928571428571,0.4469464285714286,0.2857142857142857,0.8964285714285715,0.24785714285714286,1.280357142857143,1.644642857142857,0.7030357142857142,1.8767857142857143,3.8625000000000003,0.47544642857142855,0.4730357142857143
Anthony Parker,SG,72,65,29.0,8.3,0.5,2.6,3.0,3.0,0.9300000000000002,0.14,1.1,1.5,3.1,7.699999999999999,0.39899999999999997,1.2,3.2,0.379,1.0,1.3,0.78,1.8999999999999997,4.5,0.41200000000000003,0.48000000000000004
Manny Harris,PG,54,15,17.3,5.9,0.7,1.9,2.6,1.6,0.57,0.13,1.2,1.2,2.0,5.4,0.37400000000000005,0.6,1.7,0.37,1.3,1.7,0.76,1.4,3.7,0.37599999999999995,0.43
Ramon Sessions,PG,81,38,26.3,13.299999999999999,0.6,2.6,3.1,5.2,0.74,0.09999999999999999,2.2,1.1,4.5,9.6,0.466,0.0,0.19999999999999998,0.19999999999999998,4.3,5.2,0.8200000000000001,4.5,9.4,0.472,0.47000000000000003
Ryan Hollins,C,70,16,16.9,5.3,1.0,1.7,2.7,0.4,0.31,0.6,1.0,2.8,1.9,3.1,0.598,0.0,0.0,0.0,1.6,2.3,0.68,1.9,3.1,0.598,0.6
Christian Eyenga,SF,44,18,21.5,6.9,0.6,2.2,2.8,0.8,0.77,0.64,1.1,1.8,3.0,7.0,0.425,0.6,2.1,0.275,0.4,0.6,0.64,2.4,4.9,0.48800000000000004,0.47
Anderson Varejao,C,31,31,32.1,9.1,3.2,6.5,9.7,1.5,0.87,1.23,1.3,2.8,3.7,7.0,0.528,0.0,0.1,0.0,1.7,2.6,0.67,3.7,6.9,0.5329999999999999,0.53
Samardo Samuels,PF,37,10,18.9,7.799999999999999,2.0,2.2,4.3,0.5,0.41,0.49,1.4,2.4,3.0,6.5,0.456,0.0,0.1,0.0,1.8000000000000003,3.0,0.62,3.0,6.4,0.462,0.45999999999999996
Greg Monroe,PF,80,48,27.8,9.4,3.1,4.4,7.5,1.3,1.16,0.56,1.0,2.5,3.8,6.9,0.551,0.0,0.0,0.0,1.8,2.9,0.62,3.8,6.9,0.552,0.55
Richard Hamilton,SG,55,39,27.2,14.1,0.4,1.9,2.3,3.1,0.71,0.07,1.6,1.7,5.2,12.2,0.429,1.0,2.6,0.382,2.7,3.1,0.85,4.2,9.6,0.442,0.47
Tayshaun Prince,SF,78,78,32.8,14.1,1.0,3.2,4.2,2.8,0.38,0.53,1.1,1.2,6.1,12.8,0.473,0.4,1.3,0.34700000000000003,1.5,2.2,0.7,5.7,11.5,0.48600000000000004,0.49
DaJuan Summers,SF,22,1,9.0,3.4,0.1,0.5,0.5,0.1,0.14,0.05,0.6,1.0,1.3,3.1,0.406,0.4,1.0,0.42900000000000005,0.4,0.9,0.45,0.9,2.1,0.39599999999999996,0.47
Ben Wallace,PF,54,49,22.9,2.9,2.4,4.1,6.5,1.3,1.0,1.0,0.8,1.5,1.2,2.8,0.45,0.0,0.0,0.5,0.4,1.1,0.33,1.2,2.8,0.44900000000000007,0.45
Ben Gordon,SG,82,27,26.0,11.2,0.5,1.8999999999999997,2.4,2.1,0.59,0.20000000000000004,1.7000000000000002,2.2,4.1,9.4,0.44,1.3,3.2000000000000006,0.40199999999999997,1.7000000000000002,2.0,0.8500000000000001,2.8,6.2,0.45999999999999996,0.51
Rodney Stuckey,PG,70,54,31.2,15.5,1.0,2.1,3.1,5.2,1.09,0.14,2.2,2.5,5.2,11.8,0.439,0.4,1.3,0.289,4.7,5.4,0.87,4.8,10.5,0.457,0.45
Charlie Villanueva,PF,76,11,21.9,11.1,0.7,3.2,3.9,0.6,0.55,0.55,0.9,2.3,4.1,9.3,0.442,1.6,4.3,0.387,1.2,1.5,0.77,2.5,5.0,0.488,0.53
Chris Wilcox,PF,57,29,17.5,7.4,1.7,3.1,4.8,0.8,0.51,0.3,0.8,2.5,3.3,5.6,0.581,0.0,0.0,0.0,0.9,1.6,0.56,3.3,5.6,0.5829999999999999,0.58
Will Bynum,PG,61,5,18.4,7.9,0.2,1.0,1.2,3.2,0.85,0.07,1.4,1.9,3.0,6.7,0.44799999999999995,0.3,0.8,0.32,1.7,2.0,0.84,2.7,5.9,0.466,0.47
Austin Daye,SF,72,16,20.1,7.5,0.8999999999999999,2.9,3.7999999999999994,1.1,0.54,0.54,0.8,2.3,2.7,6.5,0.41,1.0,2.4,0.401,1.1,1.5,0.76,1.7,4.1,0.415,0.48000000000000004
Jason Maxiell,PF,57,14,16.3,4.2,1.2,1.9,3.0,0.3,0.42,0.37,0.8,1.6,1.6,3.3,0.49200000000000005,0.0,0.0,0.0,0.9,1.7,0.52,1.6,3.3,0.49200000000000005,0.49
Tracy McGrady,SG,72,39,23.4,8.0,0.7,2.8,3.5,3.5,0.9200000000000002,0.47,1.4,1.4,3.2,7.1,0.442,0.4,1.2,0.341,1.3,1.7999999999999998,0.7,2.8,5.9,0.462,0.47
Lance Stephenson,SG,12,0,9.6,3.1,0.10000000000000002,1.3999999999999997,1.5,1.8,0.33,0.0,1.3,1.2,1.1,3.2999999999999994,0.33299999999999996,0.0,0.4000000000000001,0.0,0.9,1.2,0.79,1.1,2.9,0.38199999999999995,0.33
Tyler Hansbrough,PF,70,29,21.9,11.0,2.1,3.2,5.2,0.6,0.53,0.21,1.1,2.3,4.1,8.8,0.4650000000000001,0.0,0.0,0.0,2.8,3.6,0.78,4.1,8.8,0.4660000000000001,0.46
Josh McRoberts,PF,72,51,22.2,7.400000000000001,1.5,3.7999999999999994,5.3,2.1,0.65,0.79,1.3,2.3,2.9,5.4,0.547,0.3,0.8,0.38299999999999995,1.2,1.7,0.74,2.6,4.6,0.5770000000000001,0.58
James Posey,SF,49,0,17.1,4.9,0.2,2.8,3.0,0.7,0.48999999999999994,0.12,0.5,2.1,1.7,4.9,0.336,1.4,4.3,0.316,0.2,0.3,0.7299999999999999,0.3,0.6,0.483,0.48
Jeff Foster,PF,56,3,16.8,3.3,2.9,3.4,6.3,0.8,0.43,0.55,0.5,2.3,1.4,3.0,0.479,0.0,0.1,0.0,0.5,0.9,0.56,1.4,2.9,0.488,0.48
A.J. Price,PG,50,0,15.9,6.5,0.3,1.1,1.4,2.2,0.58,0.02,1.1,1.2,2.3,6.4,0.35600000000000004,0.8,3.0,0.275,1.1,1.6,0.67,1.5,3.4,0.42700000000000005,0.42
Paul George,SF,61,19,20.7,7.8,0.6,3.1,3.7,1.1,1.02,0.43,1.1,2.1,2.9,6.5,0.45299999999999996,0.7,2.3,0.29700000000000004,1.3,1.7,0.76,2.2,4.2,0.537,0.51
T.J. Ford,PG,41,3,18.9,5.4,0.4000000000000001,1.6000000000000003,2.0,3.4000000000000004,0.8500000000000001,0.20000000000000004,1.5,1.7000000000000002,2.2,5.8,0.386,0.10000000000000002,0.8000000000000002,0.188,0.8999999999999999,1.2,0.73,2.1,5.0,0.41700000000000004,0.4000000000000001
Danny Granger,SF,79,79,35.0,20.5,1.1,4.3,5.4,2.6,1.13,0.78,2.6,2.7,6.799999999999999,15.900000000000002,0.42499999999999993,2.0,5.2,0.386,5.0,5.9,0.8499999999999999,4.8,10.7,0.4429999999999999,0.49
Dahntay Jones,SG,45,2,13.1,6.3,0.1,1.4,1.4,0.7,0.44,0.16,0.7,1.6,2.2,4.8,0.467,0.3,0.9,0.35900000000000004,1.5,2.0,0.77,1.9,3.9,0.491,0.5
Mike Dunleavy,SF,61,44,27.6,11.2,0.5,4.1,4.5,1.7,0.66,0.49,1.1,1.8,3.9,8.5,0.462,1.7,4.2,0.402,1.6,2.0,0.8,2.2,4.3,0.519,0.56
Roy Hibbert,C,81,80,27.7,12.700000000000001,2.2,5.3,7.5,2.0,0.41000000000000003,1.75,2.3,3.1999999999999997,5.1,11.0,0.461,0.0,0.0,0.0,2.5,3.4,0.75,5.1,11.0,0.463,0.4600000000000001
Brandon Rush,SG,67,21,26.2,9.1,0.5,2.7,3.2,0.9,0.61,0.52,1.0,1.6,3.2,7.699999999999999,0.42100000000000004,1.4,3.3,0.41700000000000004,1.2,1.6,0.75,1.8,4.4,0.425,0.51
Darren Collison,PG,79,79,29.9,13.2,0.5,2.3,2.8,5.1,1.1,0.18,2.5,1.4,5.0,11.0,0.457,0.5,1.6,0.331,2.6,2.9,0.87,4.5,9.4,0.47900000000000004,0.48000000000000004
Solomon Jones,PF,39,0,13.5,3.6,1.2,1.7,2.9,0.8,0.31,0.56,0.9,2.4,1.3,3.1,0.405,0.0,0.0,0.0,1.1,1.6,0.66,1.3,3.1,0.408,0.4
Andrew Bogut,C,65,65,35.3,12.8,3.1,8.0,11.1,2.0,0.72,2.58,1.9,3.3,5.6,11.4,0.49499999999999994,0.0,0.1,0.0,1.5,3.3,0.44,5.6,11.3,0.4970000000000001,0.49
Drew Gooden,PF,35,18,24.6,11.3,2.1,4.7,6.8,1.3,0.6,0.51,1.3,2.8,4.5,10.3,0.431,0.1,0.6,0.15,2.3,2.9,0.79,4.4,9.7,0.447,0.44
Keyon Dooling,PG,80,22,22.0,7.1,0.2,1.3,1.5,3.0,0.68,0.05,1.1,1.5,2.6,6.5,0.397,1.0,2.9,0.34600000000000003,1.0,1.2,0.8299999999999998,1.6,3.6,0.43899999999999995,0.4699999999999999
Earl Boykins,PG,57,0,15.1,7.2,0.3,0.7,1.0,2.5,0.67,0.05,0.9,0.8,2.7,6.2,0.44299999999999995,0.5,1.2,0.38,1.2,1.4,0.84,2.2,5.0,0.45899999999999996,0.48
Jon Brockman,PF,63,6,10.7,2.2,1.2,1.7,2.9,0.3,0.22,0.05,0.4,1.9,0.8,1.5,0.511,0.0,0.0,0.0,0.6,0.9,0.68,0.8,1.5,0.511,0.51
John Salmons,SF,73,70,35.0,14.0,0.4,3.3,3.6,3.5,0.99,0.38,1.9,2.2,5.1,12.3,0.415,1.1,3.0,0.379,2.7,3.3,0.81,4.0,9.3,0.42700000000000005,0.45999999999999996
Brian Skinner,PF,2,0,3.0,0.0,0.0,0.0,0.0,0.0,0.0,0.0,0.0,0.0,0.0,0.0,0.0,0.0,0.0,0.0,0.0,0.0,0.0,0.0,0.0,0.0,0.0
Luc Richard Mbah a Moute,PF,79,52,26.5,6.700000000000001,2.1,3.2,5.3,0.9000000000000001,0.91,0.35,1.0,2.3,2.5,5.4,0.46299999999999997,0.0,0.1,0.0,1.6999999999999997,2.4,0.71,2.5,5.3,0.4699999999999999,0.46
Ersan Ilyasova,PF,60,34,25.1,9.5,1.8,4.3,6.1,0.9,0.85,0.4,1.1,2.7,3.7,8.5,0.436,0.6,2.0,0.298,1.6,1.7,0.89,3.1,6.5,0.479,0.47
Michael Redd,SG,10,0,13.4,4.4,0.0,0.8,0.8,1.2,0.2,0.1,0.4,0.4,1.8,4.5,0.4,0.4,1.7,0.23499999999999996,0.4,0.4,1.0,1.4,2.8,0.5,0.44000000000000006
Corey Maggette,SF,67,18,20.9,12.0,0.7,2.9,3.6,1.3,0.31,0.07,1.9,2.6,3.8,8.3,0.45299999999999996,0.4,1.2,0.359,4.0,4.9,0.83,3.4,7.1,0.46799999999999997,0.4799999999999999
Garrett Temple,SG,24,0,9.575000000000001,2.4,0.0375,0.9500000000000001,1.0,1.3499999999999999,0.4575,0.24749999999999997,0.9624999999999999,1.025,0.8375,2.8249999999999997,0.292875,0.4124999999999999,1.55,0.24699999999999997,0.3,0.6875,0.32,0.42500000000000004,1.2750000000000001,0.32425,0.36000000000000004
Larry Sanders,C,60,12,14.5,4.3,1.0,2.0,3.0,0.3,0.37,1.2,0.6,2.0,1.9,4.5,0.433,0.0,0.0,0.0,0.5,0.8,0.56,1.9,4.5,0.433,0.43
Brandon Jennings,PG,63,61,34.4,16.2,0.7,3.0,3.7,4.8,1.51,0.33,2.3,2.1,5.7,14.7,0.39,1.6,4.8,0.32299999999999995,3.2,3.9,0.81,4.1,9.9,0.42200000000000004,0.44
Chris Douglas-Roberts,SG,44,12,20.1,7.3,0.2,1.8,2.0,1.1,0.66,0.3,0.8,1.7,2.7,6.2,0.42900000000000005,0.3,1.0,0.326,1.7,2.0,0.83,2.4,5.2,0.449,0.46
Carlos Delfino,SG,49,40,32.4,11.5,0.5,3.6,4.1,2.3,1.55,0.16,1.2,1.5,4.1,10.5,0.39,2.1,5.8,0.37,1.2,1.5,0.8,2.0,4.7,0.4149999999999999,0.48999999999999994
Brian Cardinal,PF,56,4,11.0,2.6,0.2,0.9,1.1,0.7,0.43,0.13,0.3,1.5,0.8,1.8,0.43,0.8,1.6,0.483,0.3,0.3,0.9400000000000001,0.0,0.2,0.077,0.64
Corey Brewer,SG,69,24,21.869565217391305,7.978260869565218,0.818840579710145,1.6927536231884057,2.530434782608696,1.3057971014492753,1.4505797101449276,0.23115942028985506,1.2869565217391303,2.3057971014492753,2.7927536231884056,7.065217391304348,0.40397101449275363,0.4623188405797101,1.6492753623188405,0.2714782608695652,2.011594202898551,2.8173913043478263,0.71,2.330434782608696,5.415942028985507,0.44505797101449274,0.43260869565217386
Caron Butler,SF,29,29,29.9,15.0,0.8,3.3,4.1,1.6,0.97,0.28,1.7,2.0,5.9,13.0,0.45,1.0,2.2,0.431,2.3,3.0,0.77,4.9,10.8,0.45399999999999996,0.49
Dirk Nowitzki,PF,73,73,34.3,23.0,0.7,6.3,7.0,2.6,0.52,0.64,1.9,2.4,8.4,16.2,0.517,0.9,2.3,0.39299999999999996,5.4,6.1,0.89,7.5,13.9,0.5379999999999999,0.55
Rodrigue Beaubois,PG,28,26,17.7,8.4,0.3,1.6,1.9,2.3,0.71,0.29,1.7,2.7,3.4,8.0,0.42200000000000004,0.9,3.0,0.301,0.8,1.1,0.7700000000000001,2.5,5.0,0.493,0.48
Shawn Marion,SF,80,27,28.2,12.5,2.1,4.8,6.9,1.4,0.85,0.63,1.6,1.8,5.4,10.4,0.52,0.1,0.4,0.152,1.6,2.1,0.77,5.3,10.0,0.536,0.52
Brendan Haywood,C,72,8,18.5,4.4,1.7999999999999998,3.4,5.2,0.3,0.22,1.03,0.7,2.0,1.7999999999999998,3.1,0.574,0.0,0.0,0.0,0.8999999999999999,2.5,0.36,1.7999999999999998,3.1,0.5770000000000001,0.57
Jason Terry,SG,82,10,31.299999999999997,15.800000000000002,0.3,1.6000000000000003,1.8999999999999997,4.1,1.13,0.16,2.0,1.7000000000000002,6.0,13.300000000000002,0.451,1.5,4.3,0.36200000000000004,2.2,2.6,0.8500000000000001,4.5,9.0,0.49300000000000005,0.51
Ian Mahinmi,C,56,0,8.7,3.1,0.8,1.4,2.1,0.1,0.25,0.27,0.4,1.9,1.0,1.8,0.561,0.0,0.0,0.0,1.1,1.5,0.7700000000000001,1.0,1.8,0.5729999999999998,0.56
Jason Kidd,PG,80,80,33.2,7.9,0.4,4.0,4.4,8.2,1.6800000000000002,0.36,2.2,1.5,2.7,7.5,0.361,1.7,4.9,0.34,0.8,1.0,0.8699999999999999,1.0,2.6,0.4,0.4699999999999999
DeShawn Stevenson,SG,72,54,16.1,5.3,0.3,1.2,1.5,1.1,0.29,0.07,0.6,1.0,1.7999999999999998,4.6,0.38799999999999996,1.3,3.5,0.37799999999999995,0.5,0.6,0.77,0.5,1.1,0.42,0.53
J.J. Barea,PG,81,2,20.6,9.5,0.39999999999999997,1.5999999999999999,2.0,3.9,0.37,0.01,1.7,1.7,3.5,8.0,0.43899999999999995,0.7999999999999999,2.3,0.349,1.5999999999999999,1.9000000000000001,0.85,2.7,5.7,0.47600000000000003,0.49
Dominique Jones,SG,18,0,7.5,2.3,0.3,1.1,1.4,1.1,0.28,0.17,0.6,0.4,0.8,2.5,0.311,0.0,0.2,0.0,0.8,0.8999999999999999,0.82,0.8,2.3,0.341,0.31
Tyson Chandler,C,74,74,27.800000000000004,10.1,2.8,6.6,9.4,0.4,0.49,1.08,1.2,3.2,3.6000000000000005,5.5,0.654,0.0,0.0,0.0,2.9,4.0,0.73,3.6000000000000005,5.5,0.654,0.65
Steve Novak,SF,30,0,7.199999999999999,3.44,0.15333333333333335,0.7766666666666667,0.9299999999999999,0.07666666666666667,0.03066666666666667,0.16866666666666666,0.15333333333333335,0.4766666666666667,1.1366666666666667,2.25,0.5191666666666667,0.86,1.52,0.5951333333333333,0.22999999999999998,0.22999999999999998,0.7666666666666667,0.2766666666666666,0.7300000000000001,0.4194333333333333,0.713
DeMarre Carroll,SF,12,0,4.183333333333333,0.8166666666666665,0.17500000000000002,0.525,0.6416666666666667,0.3416666666666666,0.08166666666666668,0.08166666666666668,0.0,0.40833333333333327,0.35000000000000003,1.0083333333333333,0.259,0.0,0.0,0.0,0.17500000000000002,0.17500000000000002,0.5833333333333334,0.35000000000000003,1.0083333333333333,0.259,0.25666666666666665
Mike Harris,SF,4,0,4.0,2.0,0.5,0.8,1.3,0.3,0.0,0.25,0.3,0.5,0.8,1.5,0.5,0.0,0.0,0.0,0.5,1.0,0.5,0.8,1.5,0.5,0.5
Luis Scola,PF,74,74,32.6,18.3,2.0,6.2,8.2,2.5,0.65,0.59,2.0,3.1,7.700000000000001,15.3,0.504,0.0,0.0,0.0,2.9,3.8999999999999995,0.74,7.700000000000001,15.3,0.505,0.5
Kyle Lowry,PG,75,71,34.2,13.5,1.2,2.9,4.1,6.7,1.36,0.31,2.1,2.8,4.6,10.8,0.426,1.7,4.6,0.376,2.6,3.3,0.76,2.9,6.2,0.46399999999999997,0.51
Chuck Hayes,C,74,63,28.1,7.9,3.0,5.1,8.1,2.7,1.07,0.66,1.2,2.7,3.3,6.3,0.527,0.0,0.0,0.0,1.3,1.9,0.66,3.3,6.3,0.529,0.53
Shane Battier,SF,82,59,28.948780487804882,7.590243902439024,1.1121951219512194,3.4634146341463414,4.575609756097561,2.2634146341463413,0.8439024390243903,0.9840243902439024,0.9878048780487805,1.9475609756097563,2.8353658536585367,6.1987804878048784,0.4475853658536585,1.247560975609756,3.239024390243902,0.37473170731707317,0.7719512195121951,1.1317073170731706,0.7073170731707317,1.5878048780487803,2.959756097560976,0.5236585365853659,0.5431707317073171
Ish Smith,PG,43,3,10.3,2.3209302325581396,0.16511627906976745,0.9511627906976744,1.0813953488372092,1.8465116279069766,0.4146511627906977,0.04558139534883721,0.7604651162790699,0.830232558139535,0.9604651162790698,2.686046511627907,0.37134883720930234,0.06511627906976745,0.2302325581395349,0.2441860465116279,0.3,0.5046511627906978,0.6127906976744185,0.8953488372093024,2.4558139534883723,0.3800232558139535,0.3790697674418605
Hasheem Thabeet,C,47,0,7.936170212765957,1.148936170212766,0.4787234042553192,1.0531914893617023,1.627659574468085,0.09574468085106383,0.19148936170212766,0.3372340425531915,0.3829787234042553,1.5957446808510638,0.3829787234042553,0.8829787234042553,0.4174468085106383,0.0,0.0,0.0,0.3829787234042553,0.7659574468085106,0.5170212765957447,0.3829787234042553,0.8829787234042553,0.4174468085106383,0.42127659574468085
Courtney Lee,SG,81,1,21.3,8.3,0.6,2.0,2.6,1.2,0.72,0.22,0.7999999999999999,1.3,3.1,7.1000000000000005,0.43899999999999995,0.9,2.1,0.4079999999999999,1.2,1.5,0.79,2.2,5.0,0.45299999999999996,0.5
Patrick Patterson,PF,52,6,16.7,6.299999999999999,1.6999999999999997,2.2,3.8,0.8,0.33,0.7100000000000001,0.6,1.5,2.8999999999999995,5.1,0.5579999999999999,0.0,0.0,0.0,0.6,0.8,0.7100000000000001,2.8999999999999995,5.1,0.562,0.56
Yao Ming,C,5,5,18.2,10.2,1.4,4.0,5.4,0.8,0.0,1.6,1.4,2.6,3.6,7.4,0.48599999999999993,0.0,0.0,0.0,3.0,3.2,0.9399999999999998,3.6,7.4,0.48599999999999993,0.49000000000000005
Brad Miller,C,60,5,16.9,6.4,0.7,3.0,3.7,2.4,0.47,0.35,0.9,1.6,2.2,4.9,0.446,0.7,1.8,0.374,1.3,1.6,0.83,1.5,3.1,0.48700000000000004,0.51
Jordan Hill,C,72,11,15.600000000000001,5.6,1.7999999999999998,2.5,4.3,0.4,0.19,0.72,0.8999999999999999,2.2,2.4,4.9,0.49099999999999994,0.0,0.0,0.0,0.8,1.2,0.71,2.4,4.9,0.494,0.49
Chase Budinger,SF,78,22,22.3,9.8,0.7,2.9,3.6,1.6,0.53,0.23,0.9,1.5,3.6,8.4,0.425,1.1,3.5,0.325,1.5,1.8,0.86,2.5,4.9,0.49700000000000005,0.49
Kevin Martin,SG,80,80,32.5,23.5,0.4,2.9,3.2,2.5,1.0,0.19,2.3,1.9,6.9,15.8,0.43600000000000005,2.2,5.7,0.38299999999999995,7.4,8.4,0.89,4.7,10.1,0.46699999999999997,0.51
Mike Conley,PG,81,81,35.5,13.700000000000001,0.39999999999999997,2.7,3.0,6.5,1.78,0.22,2.2,2.2,5.2,11.8,0.444,1.0,2.7,0.369,2.2,3.0,0.73,4.2,9.1,0.466,0.49
Hamed Haddadi,C,31,0,5.4,2.4,0.8,1.4,2.2,0.2,0.06,0.42,0.4,0.9,1.0,1.9,0.517,0.0,0.0,0.0,0.5,0.7,0.65,1.0,1.9,0.526,0.52
O.J. Mayo,SG,71,17,26.3,11.3,0.5,1.9000000000000001,2.4,2.0,1.03,0.37,1.4,1.8,4.3,10.5,0.40700000000000003,1.4,3.6999999999999997,0.364,1.4,1.8,0.76,2.9,6.8,0.431,0.47
Tony Allen,SG,72,31,20.8,8.9,1.0,1.7,2.7,1.4,1.79,0.61,1.2,2.2,3.5,6.8,0.51,0.1,0.3,0.174,1.8999999999999997,2.5,0.75,3.4,6.5,0.527,0.51
Rudy Gay,SF,54,54,39.9,19.8,1.5,4.7,6.2,2.8,1.6899999999999997,1.07,2.5,2.4,7.6,16.1,0.47100000000000003,1.1,2.7,0.396,3.6,4.5,0.81,6.5,13.4,0.486,0.5
Marc Gasol,C,81,81,31.900000000000002,11.7,1.9000000000000001,5.1,7.0,2.5,0.9100000000000001,1.6799999999999997,1.8,3.3000000000000003,4.5,8.5,0.527,0.0,0.09999999999999999,0.42900000000000005,2.7,3.6,0.75,4.5,8.4,0.528,0.53
Sam Young,SF,78,46,20.2,7.3,0.5,1.9,2.4,0.9,0.87,0.29,0.8,1.5,3.0,6.3,0.47200000000000003,0.2,0.6,0.34,1.1,1.5,0.77,2.8,5.7,0.48600000000000004,0.49
Xavier Henry,SF,38,16,13.9,4.3,0.2,0.7,1.0,0.5,0.29,0.08,0.3,1.3,1.7,4.2,0.406,0.1,0.4,0.118,0.9,1.4,0.63,1.6,3.8000000000000003,0.441,0.41
Jason Williams,PG,27,0,10.944444444444445,2.0185185185185186,0.11851851851851852,0.9962962962962962,1.1148148148148147,1.9074074074074074,0.4062962962962963,0.03666666666666667,0.6592592592592591,0.3185185185185186,0.8,2.4814814814814814,0.328962962962963,0.3592592592592592,1.4,0.26162962962962966,0.0,0.0,0.0,0.44074074074074077,1.0814814814814815,0.4118148148148148,0.4014814814814815
Greivis Vasquez,PG,70,1,12.3,3.6,0.2,0.9,1.0,2.2,0.31,0.060000000000000005,1.0,1.2,1.4,3.3,0.408,0.4,1.2,0.29100000000000004,0.5,0.6,0.77,1.0,2.1,0.476,0.46
Darrell Arthur,PF,80,9,20.1,9.1,1.4,2.8,4.3,0.7,0.65,0.79,1.1,2.9,3.9,7.8,0.49700000000000005,0.0,0.1,0.0,1.4,1.7,0.8100000000000002,3.9,7.7,0.502,0.5
Zach Randolph,PF,75,74,36.3,20.1,4.3,7.8,12.2,2.2,0.84,0.33,2.0,2.3,8.0,15.8,0.503,0.1,0.6,0.18600000000000003,4.0,5.3,0.76,7.9,15.2,0.515,0.51
Marco Belinelli,SG,80,69,24.5,10.5,0.2,1.7,1.9,1.2,0.48,0.08,1.0,1.8,3.8,8.6,0.4370000000000001,1.7,4.1,0.414,1.2,1.6,0.78,2.1,4.5,0.458,0.53
Didier Ilunga-Mbenga,C,41,0,8.0,1.4,0.8999999999999999,1.2,2.1,0.10000000000000002,0.15,0.66,0.5,1.3,0.6,1.2,0.469,0.0,0.0,0.0,0.3,0.4000000000000001,0.72,0.6,1.2,0.469,0.47
Patrick Ewing Jr.,SF,7,0,2.7,0.4,0.1,0.1,0.3,0.3,0.0,0.14,0.1,0.1,0.0,0.7,0.0,0.0,0.3,0.0,0.4,0.6,0.75,0.0,0.4,0.0,0.0
Emeka Okafor,C,72,72,31.799999999999997,10.3,3.2,6.3,9.5,0.6,0.56,1.76,1.7,3.2,4.2,7.300000000000001,0.573,0.0,0.0,0.0,2.0,3.5999999999999996,0.56,4.2,7.300000000000001,0.574,0.57
David West,PF,70,70,35.0,18.9,2.2,5.3,7.6,2.3,0.9600000000000001,0.89,2.0,2.9,7.5,14.9,0.508,0.0,0.1,0.222,3.8,4.7,0.81,7.5,14.8,0.51,0.51
Chris Paul,PG,80,80,36.0,15.9,0.5,3.6,4.1,9.8,2.35,0.06,2.2,2.5,5.4,11.6,0.46299999999999997,0.9,2.3,0.38799999999999996,4.2,4.8,0.8800000000000001,4.5,9.3,0.48200000000000004,0.5
Trevor Ariza,SF,75,75,34.7,11.0,0.8,4.6,5.4,2.2,1.6,0.41,1.6,2.4,4.0,10.2,0.39799999999999996,1.1,3.6,0.303,1.8,2.6,0.7,2.9,6.6,0.45,0.45
Aaron Gray,C,41,6,13.0,3.1,1.4,2.7,4.2,0.4000000000000001,0.27,0.29,0.8000000000000002,2.3,1.4,2.4,0.5660000000000001,0.0,0.0,0.0,0.4000000000000001,0.8000000000000002,0.5,1.4,2.4,0.5660000000000001,0.57
Quincy Pondexter,SG,66,6,11.1,2.8,0.3,1.0,1.3,0.4,0.26,0.15,0.2,1.0,1.1,2.7,0.406,0.3,0.8,0.36,0.4,0.5,0.71,0.8,1.9,0.423,0.46
Willie Green,SG,77,13,21.7,8.7,0.3,1.7999999999999998,2.1,1.0,0.47,0.17,0.8999999999999999,1.8999999999999997,3.5,7.900000000000001,0.44299999999999995,0.7,2.0,0.348,1.0,1.3,0.78,2.8,5.9,0.47600000000000003,0.48999999999999994
Jason Smith,C,77,6,14.300000000000002,4.3,1.2,2.0,3.1,0.5,0.34,0.41999999999999993,0.7,1.8999999999999997,1.7999999999999998,4.0,0.44299999999999995,0.0,0.0,0.0,0.8,0.8999999999999999,0.8399999999999999,1.7999999999999998,4.0,0.446,0.44000000000000006
Pops Mensah-Bonsu,PF,7,0,5.0,0.3,0.4,1.1,1.6,0.3,0.0,0.0,0.3,1.6,0.1,0.4,0.3329999999999999,0.0,0.0,0.0,0.0,0.0,0.0,0.1,0.4,0.3329999999999999,0.33
Tiago Splitter,PF,60,6,12.3,4.6,1.2,2.2,3.4,0.4,0.4799999999999999,0.28,0.5,1.5,1.7,3.2,0.529,0.0,0.0,0.0,1.3,2.3,0.5400000000000001,1.7,3.2,0.532,0.53
James Anderson,SG,26,2,11.0,3.6000000000000005,0.1,0.8,0.9000000000000001,0.7,0.12000000000000001,0.23,0.5,0.9000000000000001,1.2,3.1000000000000005,0.38299999999999995,0.7,1.8000000000000003,0.391,0.5,0.7,0.78,0.5,1.3000000000000003,0.37100000000000005,0.49
Manu Ginobili,SG,80,79,30.3,17.4,0.5,3.2,3.7,4.9,1.54,0.35,2.2,2.0,5.5,12.7,0.433,1.9,5.5,0.349,4.5,5.1,0.8699999999999999,3.6,7.2,0.49700000000000005,0.51
Chris Quinn,PG,41,0,7.099999999999999,2.0,0.10000000000000002,0.5,0.6,1.0,0.12,0.02,0.3,0.7,0.8000000000000002,2.2,0.363,0.3,0.8999999999999999,0.297,0.10000000000000002,0.20000000000000004,0.5,0.5,1.3,0.40700000000000003,0.42
Richard Jefferson,SF,81,81,30.400000000000002,11.0,0.7,3.1999999999999997,3.8000000000000003,1.3,0.47000000000000003,0.41999999999999993,1.1,2.0,3.8000000000000003,7.8999999999999995,0.474,1.7,3.8000000000000003,0.44,1.8,2.4,0.76,2.1,4.1,0.504,0.58
Gary Neal,SG,80,1,21.1,9.8,0.3,2.2,2.5,1.2,0.34,0.05,1.0,1.9,3.6,7.9,0.45099999999999996,1.6,3.9,0.41899999999999993,1.1,1.3,0.8100000000000002,2.0,4.0,0.48100000000000004,0.55
Tim Duncan,PF,76,76,28.400000000000002,13.4,2.2,6.7,8.9,2.7,0.66,1.92,1.6,1.6,5.5,11.0,0.5,0.0,0.1,0.0,2.4,3.4,0.72,5.5,10.9,0.502,0.5
Antonio McDyess,PF,73,16,19.0,5.3,1.7,3.7,5.4,1.2,0.48999999999999994,0.53,1.0,2.2,2.3,4.7,0.49099999999999994,0.0,0.0,0.0,0.7,1.1,0.68,2.3,4.7,0.49299999999999994,0.48999999999999994
Matt Bonner,PF,66,1,21.7,7.3,0.9,2.7,3.6,0.9,0.39,0.32,0.4,1.7,2.6,5.6,0.46399999999999997,1.6,3.5,0.457,0.5,0.7,0.74,1.0,2.1,0.475,0.61
Tony Parker,PG,78,78,32.4,17.5,0.4,2.7,3.1,6.6,1.15,0.04,2.6,1.7,7.1,13.7,0.519,0.3,0.9,0.35700000000000004,3.0,3.9,0.77,6.8,12.8,0.531,0.53
Ime Udoka,SG,20,0,6.5,0.7,0.3,0.7,1.0,0.7,0.4,0.05,0.3,0.7,0.3,1.1,0.23800000000000004,0.0,0.4,0.0,0.2,0.4,0.5,0.3,0.7,0.385,0.24
Bobby Simmons,SF,2,0,8.0,0.0,0.0,0.0,0.0,1.0,0.0,0.0,0.0,1.0,0.0,1.5,0.0,0.0,1.5,0.0,0.0,0.0,0.0,0.0,0.0,0.0,0.0
Othyus Jeffers,SG,17,1,18.91764705882353,5.482352941176471,1.5058823529411764,2.4705882352941178,3.9764705882352938,1.188235294117647,0.9976470588235294,0.0,0.8117647058823529,1.8470588235294116,1.8470588235294116,3.8470588235294123,0.47511764705882353,0.09411764705882353,0.2823529411764706,0.23529411764705882,1.788235294117647,2.7294117647058824,0.611764705882353,1.7529411764705882,3.5647058823529414,0.4901764705882353,0.48058823529411765
DeJuan Blair,C,81,65,21.4,8.3,2.7,4.3,7.0,1.0,1.17,0.52,1.4,2.6,3.6,7.2,0.501,0.0,0.0,0.0,1.1,1.7,0.66,3.6,7.2,0.503,0.5
Danny Green,SG,8,0,11.5,5.1,0.4,1.5,1.9,0.3,0.25,0.13,0.6,0.9,2.1,4.4,0.486,0.9,2.4,0.368,0.0,0.0,0.0,1.2,2.0,0.625,0.59
George Hill,PG,76,5,28.3,11.6,0.3,2.3,2.6,2.5,0.8700000000000001,0.28,1.3,2.0,3.8000000000000003,8.3,0.45299999999999996,1.0,2.7,0.377,3.1,3.6,0.86,2.8,5.6,0.49000000000000005,0.51
Larry Owens,SF,12,0,11.9,3.341666666666667,0.08333333333333333,1.1833333333333333,1.2666666666666666,0.6416666666666667,0.7525,0.4166666666666667,0.4166666666666667,1.5166666666666666,1.2333333333333334,2.6916666666666664,0.4841666666666667,0.47500000000000003,1.0666666666666667,0.4025833333333333,0.3416666666666666,0.7666666666666666,0.4583333333333333,0.7583333333333333,1.625,0.5715833333333333,0.5716666666666667
Jeff Teague,PG,70,7,13.8,5.2,0.2,1.3,1.5,2.0,0.64,0.36,0.9,1.2,1.9,4.3,0.43799999999999994,0.3,0.7,0.375,1.1,1.4,0.79,1.6,3.6,0.449,0.47
Damien Wilkins,SG,52,0,13.0,3.5,0.4,1.3000000000000003,1.6999999999999997,0.8,0.52,0.16999999999999998,0.4,1.4,1.3000000000000003,2.6000000000000005,0.504,0.0,0.2,0.2,0.8,1.1,0.7100000000000001,1.3000000000000003,2.4,0.528,0.51
Hilton Armstrong,PF,53,2,9.162264150943397,1.7641509433962264,0.8415094339622642,1.6641509433962263,2.483018867924528,0.22264150943396227,0.3428301886792453,0.3967924528301887,0.5320754716981131,1.5735849056603775,0.7320754716981133,1.4641509433962265,0.48762264150943396,0.022641509433962266,0.10000000000000002,0.48401886792452825,0.27735849056603773,0.6452830188679246,0.5171698113207547,0.7094339622641511,1.3641509433962264,0.483622641509434,0.5013207547169811
Maurice Evans,SG,73,24,21.21917808219178,6.352054794520548,0.7136986301369863,1.4424657534246574,2.1561643835616437,0.6,0.46465753424657535,0.19547945205479453,0.4424657534246575,1.778082191780822,2.447945205479452,5.831506849315068,0.4093835616438356,0.7424657534246576,2.291780821917808,0.32604109589041097,0.7136986301369863,0.8136986301369863,0.884931506849315,1.7054794520547945,3.53972602739726,0.4674657534246575,0.47424657534246584
Joe Johnson,SF,72,72,35.5,18.2,0.8,3.2,4.0,4.7,0.65,0.1,2.0,1.7999999999999998,7.1,16.1,0.44299999999999995,1.2,4.2,0.297,2.7,3.4,0.8,5.9,11.9,0.494,0.48000000000000004
Zaza Pachulia,C,79,7,15.7,4.4,1.5,2.7,4.2,0.7,0.43,0.28,0.9000000000000001,2.3,1.4,2.9,0.4610000000000001,0.0,0.0,0.0,1.6999999999999997,2.3,0.75,1.4,2.9,0.4610000000000001,0.46
Kirk Hinrich,SG,72,51,29.933333333333337,10.266666666666666,0.3,2.233333333333333,2.5333333333333337,4.033333333333333,1.0433333333333334,0.23666666666666666,1.7000000000000002,2.5999999999999996,3.8333333333333335,8.633333333333333,0.4453333333333334,1.0333333333333334,2.5999999999999996,0.39633333333333337,1.4666666666666666,1.7666666666666668,0.81,2.8000000000000003,6.033333333333333,0.4633333333333333,0.5066666666666667
Marvin Williams,PF,65,52,28.7,10.4,1.0,3.8,4.8,1.4,0.52,0.35,1.0,1.6,3.8,8.3,0.45799999999999996,0.6,1.7,0.336,2.3,2.7,0.84,3.2,6.6,0.489,0.49
Etan Thomas,C,13,0,6.299999999999999,2.5,0.5,1.3000000000000003,1.8000000000000003,0.2,0.08,0.31,0.4,0.8,0.8,1.6,0.47600000000000003,0.0,0.0,0.0,0.9000000000000001,1.2,0.8,0.8,1.6,0.47600000000000003,0.48000000000000004
Jason Collins,C,49,28,12.1,2.0,0.6,1.5,2.1,0.4,0.18,0.18,0.5,2.0,0.7,1.4,0.479,0.0,0.0,1.0,0.6,0.8,0.66,0.7,1.4,0.47100000000000003,0.48999999999999994
Jordan Crawford,SG,42,18,24.423809523809524,11.69047619047619,0.7238095238095238,1.7571428571428571,2.5428571428571427,2.757142857142857,0.9266666666666665,0.07428571428571429,1.9523809523809528,1.480952380952381,4.547619047619047,11.91904761904762,0.37514285714285717,0.7857142857142857,3.0619047619047617,0.2741904761904762,1.7857142857142858,2.0095238095238095,0.8,3.761904761904762,8.857142857142858,0.4082857142857142,0.4161904761904762
Josh Smith,SF,77,77,34.4,16.5,1.7000000000000002,6.800000000000001,8.5,3.3,1.29,1.56,2.6,2.8,6.5,13.5,0.477,0.7,2.0,0.331,3.0,4.1,0.72,5.8,11.5,0.503,0.5
Mike Bibby,PG,80,68,28.579999999999995,8.6125,0.2375,2.225,2.4625,3.3075,0.6260000000000001,0.1155,1.2650000000000001,2.1550000000000002,3.08,7.210000000000001,0.42745000000000005,1.895,4.369999999999999,0.433825,0.4875,0.7525000000000001,0.61425,1.1849999999999998,2.84,0.41252500000000003,0.55975
Pape Sy,SF,3,0,7.0,2.3,0.6999999999999998,0.3,1.0,0.6999999999999998,0.33,0.0,1.0,0.3,0.6999999999999998,2.0,0.33299999999999996,0.0,0.3,0.0,1.0,1.0,1.0,0.6999999999999998,1.7,0.4000000000000001,0.33
Jamal Crawford,SG,76,0,30.2,14.200000000000001,0.3,1.4,1.7,3.2,0.75,0.18,1.9000000000000001,1.3,4.8,11.5,0.42100000000000004,1.6,4.6,0.341,2.9,3.4,0.85,3.2,6.8999999999999995,0.47400000000000003,0.49000000000000005
Josh Powell,PF,54,0,12.1,4.1,0.9,1.6,2.5,0.4,0.08999999999999998,0.08999999999999998,1.0,1.4,1.7,3.9,0.452,0.0,0.0,0.0,0.7,0.8,0.8,1.7,3.9,0.45399999999999996,0.45
Al Horford,C,77,77,35.1,15.300000000000002,2.4,7.0,9.3,3.5,0.77,1.04,1.5,2.5,6.699999999999999,12.0,0.557,0.0,0.1,0.5,1.8999999999999997,2.4,0.8,6.699999999999999,11.9,0.557,0.56
Dante Cunningham,PF,78,18,20.984615384615385,6.199999999999999,1.2153846153846153,2.353846153846154,3.569230769230769,0.5282051282051282,0.6943589743589743,0.5502564102564103,0.6564102564102564,2.2743589743589743,2.8358974358974356,6.046153846153846,0.45415384615384613,0.0,0.18461538461538465,0.03130769230769231,0.6,0.8,0.724102564102564,2.8358974358974356,5.86153846153846,0.4643846153846154,0.4525641025641025
Dominic McGuire,PF,52,8,14.599999999999998,3.3,1.2,2.6000000000000005,3.8,0.8,0.19,0.63,0.5,1.8000000000000003,1.4,3.5,0.396,0.0,0.0,0.0,0.6,0.8,0.77,1.4,3.5,0.4,0.4
Boris Diaw,PF,82,82,33.9,11.3,1.3,3.7999999999999994,5.0,4.1,0.8999999999999999,0.56,2.0,2.3,4.6,9.4,0.492,1.0,2.8,0.345,1.0,1.5,0.68,3.5999999999999996,6.599999999999999,0.5529999999999999,0.54
Gerald Henderson,SG,68,30,24.4,9.6,0.7,2.3,3.0,1.5,0.74,0.47,0.9,1.7,3.8,8.4,0.45399999999999996,0.1,0.5,0.19399999999999998,1.9,2.4,0.79,3.7,7.9,0.47200000000000003,0.46
DeSagana Diop,C,16,0,11.3,1.3,0.8,1.8,2.5,0.4,0.25,0.94,0.7,1.6,0.5,1.5,0.33299999999999996,0.0,0.0,0.0,0.3,0.7,0.36,0.5,1.5,0.33299999999999996,0.33
Shaun Livingston,PG,73,0,17.3,6.6,0.4,1.6,2.0,2.2,0.64,0.4,1.2,1.5,2.5,5.4,0.466,0.0,0.1,0.25,1.5,1.7,0.86,2.5,5.3,0.468,0.4699999999999999
Stephen Jackson,SF,67,67,35.9,18.5,0.8,3.7,4.5,3.6,1.19,0.42,3.1,2.4,6.5,15.800000000000002,0.41100000000000003,1.8,5.4,0.337,3.7,4.6,0.82,4.7,10.4,0.449,0.47
Kwame Brown,C,66,50,26.0,7.8999999999999995,2.2,4.6,6.8,0.7,0.39,0.59,1.0,2.6,2.9,5.7,0.517,0.0,0.0,0.0,2.1,3.5,0.59,2.9,5.7,0.517,0.52
Sherron Collins,PG,20,0,3.3,0.9,0.0,0.3,0.3,0.4,0.1,0.0,0.2,0.1,0.4,1.3,0.28,0.1,0.5,0.2,0.1,0.1,1.0,0.3,0.8,0.33299999999999996,0.32
Nazr Mohammed,C,75,37,17.084,7.1720000000000015,1.8319999999999996,3.036,4.868,0.3,0.398,0.7464,0.936,2.464,3.1,5.976,0.52472,0.0,0.0,0.0,0.8720000000000001,1.476,0.6028,3.1,5.976,0.5254,0.5224
D.J. White,PF,47,0,14.555319148936169,5.71063829787234,0.9085106382978724,2.4148936170212765,3.372340425531915,0.40425531914893614,0.2548936170212766,0.426595744680851,0.29999999999999993,1.6063829787234043,2.372340425531915,4.638297872340425,0.4946808510638298,0.0,0.05106382978723405,0.0,0.9659574468085106,1.3702127659574466,0.6327659574468085,2.372340425531915,4.587234042553191,0.49825531914893617,0.4957446808510638
Tyrus Thomas,PF,41,2,21.0,10.2,1.6000000000000003,3.9000000000000004,5.5,0.7,0.73,1.61,1.6000000000000003,2.8,3.7999999999999994,8.1,0.471,0.0,0.10000000000000002,0.0,2.6,3.2999999999999994,0.79,3.7999999999999994,8.0,0.47600000000000003,0.47
Eduardo Najera,PF,31,0,12.0,2.2,0.5,1.0,1.4,0.6,0.35,0.19,0.4,1.7,0.8,2.3,0.361,0.4,1.1,0.324,0.2,0.4,0.55,0.4,1.2,0.395,0.44
D.J. Augustin,PG,82,82,33.6,14.399999999999999,0.5,2.3,2.7,6.1,0.66,0.04,1.8999999999999997,1.8999999999999997,4.9,11.7,0.41600000000000004,1.4,4.1,0.33299999999999996,3.2999999999999994,3.5999999999999996,0.91,3.5,7.599999999999999,0.461,0.47
Matt Carroll,SG,54,1,10.8,4.4,0.2,1.0,1.3,0.4,0.31,0.11,0.4,0.8,1.6,3.7,0.447,0.3,0.9,0.37,0.7,1.0,0.77,1.3,2.8,0.47100000000000003,0.49
Gerald Wallace,SF,71,63,37.930985915492954,15.664788732394367,1.564788732394366,6.440845070422536,8.0056338028169,2.4323943661971827,1.4794366197183098,0.8866197183098592,2.1647887323943666,2.564788732394366,5.461971830985915,11.970422535211267,0.454056338028169,0.8619718309859153,2.6211267605633806,0.3325915492957746,3.946478873239437,5.252112676056338,0.7497183098591549,4.6,9.349295774647889,0.4916338028169015,0.48915492957746487
Joel Przybilla,C,36,9,14.455555555555557,1.8000000000000003,1.0250000000000001,3.0,4.0249999999999995,0.34444444444444444,0.13777777777777778,0.4152777777777778,0.7972222222222222,2.1666666666666665,0.7138888888888889,1.225,0.5877222222222223,0.0,0.0,0.0,0.37222222222222223,0.7138888888888889,0.5255555555555556,0.7138888888888889,1.225,0.5877222222222223,0.5894444444444444
Zydrunas Ilgauskas,C,72,51,15.899999999999999,5.0,1.5,2.5,4.0,0.4,0.32,0.81,0.7,2.6,2.3,4.4,0.508,0.0,0.0,0.0,0.5,0.6,0.78,2.3,4.4,0.509,0.51
Jerry Stackhouse,SF,7,1,7.1,1.7,0.1,0.9,1.0,0.4,0.0,0.29,0.3,0.4,0.4,1.7,0.25,0.1,0.6,0.25,0.7,1.0,0.71,0.3,1.1,0.25,0.29
Dexter Pittman,C,2,0,5.5,1.0,0.5,1.0,1.5,0.0,0.0,0.0,1.0,1.0,0.5,1.5,0.33299999999999996,0.0,0.0,0.0,0.0,0.0,0.0,0.5,1.5,0.33299999999999996,0.33
LeBron James,SF,79,79,38.8,26.699999999999996,1.0,6.5,7.5,7.0,1.57,0.63,3.6000000000000005,2.1,9.6,18.8,0.51,1.2,3.5,0.33,6.4,8.4,0.76,8.4,15.3,0.552,0.54
Juwan Howard,PF,57,0,10.4,2.4,0.6,1.5,2.1,0.4,0.18,0.07,0.4,1.1,1.0,2.2,0.44000000000000006,0.0,0.0,0.0,0.5,0.6,0.83,1.0,2.2,0.44000000000000006,0.44000000000000006
Joel Anthony,C,75,11,19.5,2.0,1.4,2.2,3.5,0.3,0.13,1.24,0.5,2.6,0.7,1.3,0.535,0.0,0.0,0.0,0.6,1.0,0.64,0.7,1.3,0.535,0.54
James Jones,SF,81,8,19.1,5.9,0.3,1.7,2.0,0.5,0.36,0.23000000000000004,0.3,1.5999999999999999,1.8,4.3,0.42200000000000004,1.5,3.5,0.42900000000000005,0.7,0.9,0.8299999999999998,0.3,0.7999999999999999,0.39,0.6
Erick Dampier,C,51,22,16.0,2.5,1.0,2.4,3.5,0.4,0.27,0.92,0.6,1.6,1.0,1.7,0.584,0.0,0.0,0.0,0.5,0.9,0.55,1.0,1.7,0.591,0.58
Eddie House,SG,56,1,17.5,6.5,0.2,1.5,1.6,1.1,0.57,0.05,0.5,1.2,2.3,5.7,0.39899999999999997,1.2,3.1,0.38899999999999996,0.7,0.7,0.95,1.1,2.6,0.41100000000000003,0.5
Mike Miller,SF,41,2,20.4,5.6,0.8999999999999999,3.5999999999999996,4.5,1.2,0.49,0.05000000000000001,1.0,2.1,2.0,4.9,0.4010000000000001,1.0,2.9,0.364,0.6,0.8000000000000002,0.68,1.0,2.0,0.452,0.51
Mario Chalmers,PG,70,28,22.6,6.4,0.2,1.9,2.1,2.5,1.09,0.1,1.3,2.3,2.2,5.5,0.39899999999999997,1.2,3.3,0.359,0.8,0.9,0.87,1.0,2.2,0.4589999999999999,0.51
Chris Bosh,C,77,77,36.3,18.7,1.7999999999999998,6.5,8.3,1.8999999999999997,0.77,0.64,1.7999999999999998,2.2,6.800000000000001,13.699999999999998,0.496,0.1,0.3,0.24000000000000002,5.0,6.1,0.82,6.699999999999999,13.399999999999999,0.502,0.5
Udonis Haslem,PF,13,0,26.5,8.0,2.2,5.9,8.2,0.5,0.54,0.23,1.1,3.0,3.3999999999999995,6.6,0.512,0.0,0.0,0.0,1.2,1.5,0.8,3.3999999999999995,6.6,0.512,0.51
Jamaal Magloire,C,18,0,8.8,1.8999999999999997,0.8999999999999999,2.4,3.4,0.2,0.22,0.11,0.3,1.4,0.7,1.2,0.591,0.0,0.0,0.0,0.5,1.0,0.5,0.7,1.2,0.591,0.59
Dwyane Wade,SG,76,76,37.1,25.5,1.6,4.8,6.4,4.6,1.46,1.14,3.1,2.6,9.1,18.2,0.5,0.8,2.7,0.306,6.5,8.6,0.76,8.3,15.5,0.534,0.52
Chris Duhon,PG,51,5,15.2,2.5,0.2,0.8,1.0,2.3,0.31,0.04,1.2,0.6,1.0,2.5,0.38,0.3,1.0,0.25,0.3,0.5,0.56,0.7,1.5,0.46799999999999997,0.43
Gilbert Arenas,PG,70,16,25.640000000000004,10.79,0.3,2.37,2.6699999999999995,3.9199999999999995,1.059,0.297,2.56,2.69,3.82,10.45,0.35899999999999993,1.36,4.660000000000001,0.28970000000000007,1.72,2.22,0.77,2.46,5.79,0.41540000000000005,0.428
Quentin Richardson,SF,57,19,16.8,4.4,0.7,2.4,3.1,0.7,0.44000000000000006,0.09,0.6,1.3,1.5,4.5,0.341,0.7,2.6,0.28800000000000003,0.6,0.8,0.75,0.8,1.9,0.41300000000000003,0.42
Rashard Lewis,PF,57,52,32.007017543859654,11.750877192982456,1.236842105263158,3.8614035087719296,5.098245614035088,1.6491228070175439,0.9136842105263158,0.5291228070175439,1.512280701754386,2.780701754385965,4.387719298245614,10.238596491228071,0.4341578947368421,1.519298245614035,4.294736842105263,0.35577192982456146,1.343859649122807,1.6877192982456142,0.8049122807017544,2.8684210526315788,5.943859649122807,0.4886315789473684,0.5056140350877193
Dwight Howard,C,78,78,37.6,22.9,4.0,10.1,14.1,1.4,1.37,2.38,3.6,3.3,7.9,13.4,0.593,0.0,0.1,0.0,7.0,11.7,0.6,7.9,13.3,0.597,0.59
J.J. Redick,SG,59,5,25.6,10.1,0.1,1.8,1.9,1.7,0.49,0.05,0.9,1.4,3.3,7.6,0.44100000000000006,1.5,3.7,0.397,1.9,2.2,0.88,1.8,3.9,0.48200000000000004,0.54
Ryan Anderson,PF,64,14,22.3,10.6,2.0,3.5,5.5,0.8,0.47,0.59,0.8,2.1,3.5,8.2,0.43,2.1,5.3,0.39299999999999996,1.5,1.8,0.81,1.4,2.9,0.5,0.56
Brandon Bass,PF,76,51,26.1,11.2,1.8,3.8000000000000003,5.6,0.8,0.36,0.68,1.3,2.1,4.4,8.5,0.515,0.0,0.0,0.0,2.5,3.1,0.82,4.4,8.5,0.516,0.51
Jameer Nelson,PG,76,76,30.5,13.1,0.5,2.5,3.0,6.0,0.9899999999999999,0.04,2.6,2.8,4.9,11.0,0.446,1.6,3.9,0.401,1.7,2.1,0.8,3.3,7.1000000000000005,0.471,0.52
Malik Allen,PF,18,0,9.9,1.3,0.7,1.1,1.7999999999999998,0.2,0.060000000000000005,0.22,0.2,1.7,0.6,1.7,0.355,0.0,0.0,0.0,0.1,0.1,0.5,0.6,1.7,0.355,0.35
Josh Howard,SF,18,10,22.7,8.4,1.0,3.1,4.1,1.3,0.72,0.28,1.1,1.8999999999999997,3.2,9.0,0.358,0.4,1.6,0.241,1.6,2.6,0.62,2.8,7.400000000000001,0.38299999999999995,0.38
Nick Young,SF,64,40,31.8,17.4,0.4,2.3,2.7,1.2,0.7,0.27,1.4,2.3,6.4,14.6,0.441,1.6,4.2,0.387,2.9,3.6,0.82,4.8,10.4,0.462,0.5
Trevor Booker,PF,65,14,16.4,5.3,1.5,2.4,3.9,0.5,0.45,0.65,0.6,1.8,2.1,3.9,0.5489999999999999,0.0,0.0,0.0,1.0,1.6,0.67,2.1,3.9,0.552,0.55
Yi Jianlian,PF,63,11,17.7,5.6,1.3,2.7,3.9,0.4,0.43,0.51,0.8,1.8,2.3,5.5,0.418,0.0,0.2,0.231,1.0,1.4,0.68,2.3,5.3,0.425,0.42
Cartier Martin,PF,52,1,10.400000000000002,4.0,0.4,1.0,1.4,0.3,0.35,0.12000000000000001,0.3,1.0,1.4,3.5,0.39,0.8,1.9,0.394,0.5,0.8,0.7,0.6,1.6,0.386,0.5
Kevin Seraphin,C,58,1,10.9,2.7,1.4,1.2,2.6,0.2,0.29,0.48,0.7,2.2,1.1,2.5,0.449,0.0,0.0,0.0,0.4,0.5,0.71,1.1,2.5,0.449,0.45
Andray Blatche,C,64,63,33.9,16.8,2.9,5.4,8.2,2.3,1.53,0.8,2.7,2.8,6.7,15.0,0.445,0.1,0.3,0.222,3.4,4.4,0.78,6.6,14.7,0.449,0.45
Mustafa Shakur,PG,22,0,7.2,2.3,0.3,0.7,1.0,1.1,0.23,0.14,0.8,0.7,1.0,2.7,0.35600000000000004,0.0,0.5,0.1,0.4,0.7,0.53,1.0,2.2,0.408,0.36
JaVale McGee,C,79,75,27.800000000000004,10.1,2.8,5.2,8.0,0.5,0.52,2.44,1.3,2.9,4.2,7.6,0.55,0.0,0.0,0.0,1.6999999999999997,2.9,0.58,4.2,7.6,0.552,0.55
Lester Hudson,SG,11,0,6.6,1.6,0.1,0.4,0.5,1.5,0.36,0.09,0.6,0.9,0.5,2.2,0.25,0.4,1.4,0.267,0.2,0.4,0.5,0.1,0.8,0.222,0.33
Hamady Ndiaye,C,16,0,5.0,0.9,0.1,0.3,0.4,0.0,0.13,0.31,0.2,1.1,0.3,0.3,0.8,0.0,0.0,0.0,0.4,0.8,0.5,0.3,0.3,0.8,0.8
John Wall,PG,69,64,37.8,16.4,0.5,4.1,4.6,8.3,1.75,0.51,3.8,2.5,5.8,14.1,0.409,0.5,1.7,0.29600000000000004,4.4,5.7,0.77,5.3,12.4,0.425,0.43
Nene Hilario,PF,75,75,30.5,14.5,1.9,5.7,7.6,2.0,1.12,0.97,1.8,3.2,5.4,8.7,0.615,0.0,0.1,0.2,3.8,5.4,0.71,5.4,8.6,0.618,0.62
Gary Forbes,F,63,11,12.6,5.2,0.4,1.4,1.8,0.8,0.37,0.1,0.7,1.2,2.0,4.3,0.45399999999999996,0.3,0.9,0.32799999999999996,0.9,1.4,0.68,1.7,3.4,0.488,0.49
Chris Andersen,PF,45,0,16.3,5.6,1.7,3.2,4.9,0.4,0.51,1.29,0.6,1.8,1.8,3.0,0.599,0.0,0.0,0.0,1.9,3.0,0.64,1.8,3.0,0.603,0.6
Al Harrington,PF,73,3,22.8,10.5,1.0,3.5,4.5,1.4,0.53,0.14,1.5,2.8,3.8,9.2,0.41600000000000004,1.6,4.5,0.35700000000000004,1.2,1.6,0.74,2.2,4.7,0.473,0.5
Kenyon Martin,PF,48,48,25.7,8.6,1.3999999999999997,4.8,6.2,2.3,0.9,0.73,1.2,2.7999999999999994,3.9,7.5,0.511,0.0,0.20000000000000004,0.222,0.9,1.5,0.58,3.9,7.3,0.518,0.51
Melvin Ely,C,30,2,12.2,2.3,0.9,1.6,2.5,0.5,0.13,0.37,0.5,1.7,0.9,1.7,0.5489999999999999,0.0,0.0,0.0,0.4,0.7,0.62,0.9,1.7,0.5489999999999999,0.55
Kosta Koufos,C,50,2,8.665999999999999,3.184,1.1660000000000001,1.4439999999999997,2.61,0.15600000000000003,0.2034,0.4968,0.578,1.19,1.3539999999999999,3.02,0.4493,0.0,0.07800000000000001,0.0,0.47600000000000003,0.8419999999999999,0.5286,1.3539999999999999,2.9420000000000006,0.45553999999999994,0.4532
J.R. Smith,SG,79,6,24.9,12.3,0.6,3.5,4.1,2.2,1.16,0.2,1.3,2.2,4.3,9.9,0.435,1.6,4.0,0.39,2.1,2.8,0.74,2.7,5.9,0.466,0.51
Arron Afflalo,SG,69,69,33.7,12.6,0.7,3.0,3.6,2.4,0.49000000000000005,0.45,1.0,2.2,4.5,9.1,0.49800000000000005,1.5,3.6,0.423,2.0,2.4,0.85,3.0,5.5,0.546,0.58
Ty Lawson,PG,80,31,26.3,11.7,0.8,1.8,2.6,4.7,1.0,0.05,1.7,1.7,4.3,8.6,0.503,0.9,2.1,0.404,2.2,2.8,0.76,3.4,6.5,0.536,0.55
Maurice Ager,SF,4,0,7.3,3.8,0.0,0.5,0.5,0.3,0.25,0.0,1.0,1.0,1.5,2.8,0.545,0.8,1.0,0.75,0.0,0.0,0.0,0.7,1.8,0.429,0.68
Martell Webster,SF,46,1,23.8,9.8,0.8,2.4,3.2,1.2,0.61,0.2,1.3,2.2,3.3,7.4,0.447,1.2,2.9,0.41700000000000004,2.0,2.7,0.77,2.1,4.5,0.466,0.53
Sebastian Telfair,PG,37,8,19.2,7.200000000000001,0.5,1.0,1.5,3.0,0.68,0.08,1.7,1.7,2.6,6.5,0.402,0.8,2.1,0.359,1.2,1.6,0.73,1.8000000000000003,4.4,0.423,0.45999999999999996
Nikola Pekovic,C,65,11,13.6,5.5,1.4,1.6,3.0,0.4,0.28,0.54,1.4,2.8,2.1,4.0,0.517,0.0,0.0,0.0,1.3,1.8,0.76,2.1,4.0,0.517,0.52
Michael Beasley,SF,73,73,32.3,19.2,1.6,4.0,5.6,2.2,0.74,0.71,2.7,3.0,7.7,17.1,0.45,0.8,2.2,0.366,3.0,4.0,0.75,6.9,14.9,0.46299999999999997,0.4699999999999999
Kevin Love,PF,73,73,35.8,20.2,4.5,10.7,15.2,2.5,0.62,0.38,2.1,2.0,6.6,14.1,0.4699999999999999,1.2,2.9,0.41700000000000004,5.8,6.8,0.85,5.4,11.2,0.483,0.51
Lazar Hayward,SF,42,0,10.0,3.8,0.5,1.1,1.6999999999999997,0.7,0.29,0.17,0.5,1.0,1.3,3.7,0.35700000000000004,0.4,1.4,0.28300000000000003,0.8,1.0,0.79,0.9000000000000001,2.3,0.404,0.41
Jonny Flynn,PG,53,8,18.5,5.3,0.20000000000000004,1.2,1.5,3.4,0.64,0.06,2.1,1.1,2.0,5.599999999999999,0.365,0.6,1.8999999999999997,0.31,0.6,0.8000000000000002,0.76,1.3999999999999997,3.7000000000000006,0.39299999999999996,0.42
Darko Milicic,C,69,69,24.4,8.8,1.9,3.3,5.2,1.5,0.78,2.03,2.2,3.3,3.8999999999999995,8.4,0.469,0.0,0.0,0.0,0.9,1.7,0.56,3.8999999999999995,8.4,0.469,0.47
Wayne Ellington,SG,62,8,19.0,6.6,0.4,1.3,1.7,1.2,0.45,0.05,0.9,1.4,2.6,6.4,0.40299999999999997,0.8,2.0,0.397,0.7,0.9,0.79,1.8,4.4,0.406,0.46
Anthony Tolliver,PF,65,4,21.0,6.7,1.4,3.1,4.5,1.3,0.43,0.43,0.8,2.2,2.2,4.8,0.45,0.7,1.8,0.409,1.6,2.0,0.8,1.5,3.0,0.475,0.53
Wesley Johnson,SF,79,63,26.199999999999996,9.0,0.6,2.4,3.0,1.9,0.73,0.68,1.2,2.1,3.3999999999999995,8.6,0.397,1.3,3.7,0.35600000000000004,0.8,1.2,0.7,2.1,4.9,0.42700000000000005,0.4699999999999999
Luke Ridnour,PG,71,66,30.400000000000002,11.8,0.5,2.3,2.8,5.4,1.25,0.14,2.2,2.1,4.5,9.6,0.4679999999999999,1.1,2.6,0.44,1.7,1.9000000000000001,0.88,3.4,7.0,0.479,0.53
Eric Maynor,PG,82,0,14.600000000000001,4.2,0.3,1.2,1.5,2.9,0.43,0.07,0.8999999999999999,1.2,1.6000000000000003,4.1,0.40199999999999997,0.5,1.2,0.385,0.5,0.7,0.73,1.1,2.9,0.409,0.45999999999999996
Thabo Sefolosha,SG,79,79,25.9,5.1,0.8,3.6000000000000005,4.4,1.4,1.23,0.48000000000000004,0.7,2.2,2.0,4.2,0.47100000000000003,0.4,1.3,0.275,0.7,1.0,0.75,1.6,2.9,0.5579999999999999,0.51
Russell Westbrook,PG,82,82,34.7,21.9,1.5,3.1,4.6,8.2,1.89,0.37,3.9000000000000004,2.5,7.5,17.0,0.442,0.4000000000000001,1.3,0.33,6.5,7.699999999999999,0.84,7.099999999999999,15.699999999999998,0.451,0.44999999999999996
Kevin Durant,SF,78,78,38.9,27.7,0.7,6.1,6.8,2.7,1.13,0.97,2.8,2.0,9.1,19.7,0.462,1.9,5.3,0.35,7.6,8.7,0.88,7.2,14.4,0.504,0.51
Daequan Cook,SG,43,0,13.9,5.6,0.19999999999999998,1.5,1.7,0.5,0.33,0.02,0.39999999999999997,1.2,1.8,4.2,0.436,1.5,3.6,0.42200000000000004,0.39999999999999997,0.5,0.7999999999999999,0.3,0.6,0.519,0.62
Nick Collison,PF,71,2,21.5,4.6,1.7,2.8,4.5,1.0,0.59,0.44,0.8,3.0,1.9000000000000001,3.4,0.5660000000000001,0.0,0.0,0.0,0.8,1.0,0.75,1.9000000000000001,3.4,0.5660000000000001,0.57
Morris Peterson,SG,4,0,5.8,1.0,0.0,0.8,0.8,0.3,0.0,0.0,0.0,1.3,0.5,1.3,0.4,0.0,0.3,0.0,0.0,0.0,0.0,0.5,1.0,0.5,0.4
Cole Aldrich,C,18,0,7.900000000000001,1.0,0.7,1.2,1.8999999999999997,0.2,0.28,0.39,0.4,1.7,0.4,0.8,0.5329999999999999,0.0,0.0,0.0,0.1,0.2,0.5,0.4,0.8,0.5329999999999999,0.53
Royal Ivey,PG,25,0,6.2,1.6,0.1,0.6,0.6,0.3,0.24,0.04,0.2,0.7,0.6,1.5,0.42100000000000004,0.3,0.6,0.43799999999999994,0.1,0.1,1.0,0.3,0.9,0.409,0.51
James Harden,SG,82,5,26.700000000000003,12.2,0.5,2.6,3.1,2.1,1.12,0.29,1.3,2.5,3.5999999999999996,8.3,0.43600000000000005,1.4,4.0,0.349,3.5,4.2,0.84,2.2,4.3,0.514,0.52
Serge Ibaka,PF,82,44,27.0,9.9,2.6,5.0,7.599999999999999,0.3,0.38,2.41,0.8999999999999999,3.2999999999999994,4.1,7.5,0.5429999999999999,0.0,0.0,0.0,1.7000000000000002,2.2,0.75,4.1,7.5,0.544,0.54
Byron Mullens,C,13,0,6.5,1.9,0.5,1.4,1.8000000000000003,0.0,0.15,0.23,0.6,0.8,0.7,2.2,0.321,0.0,0.0,0.0,0.5,1.1,0.5,0.7,2.2,0.321,0.32
Rudy Fernandez,SG,78,3,23.3,8.6,0.5,1.7,2.2,2.5,1.12,0.18,1.1,1.7,2.7,7.4,0.37,1.5,4.6,0.321,1.6,1.9,0.86,1.2,2.8,0.45299999999999996,0.47
Nicolas Batum,SF,80,67,31.5,12.4,1.4,3.2,4.5,1.5,0.85,0.61,1.0,2.4,4.6,10.1,0.45499999999999996,1.5,4.3,0.345,1.7,2.1,0.8400000000000001,3.1,5.8,0.535,0.53
Fabricio Oberto,C,5,0,9.0,1.4,0.6,0.8,1.4,0.0,0.0,0.0,0.6,2.0,0.6,1.0,0.6,0.0,0.0,0.0,0.2,0.4,0.5,0.6,1.0,0.6,0.6
Sean Marks,PF,29,0,7.2,1.6,0.6,0.8,1.4,0.1,0.1,0.17,0.4,1.5,0.7,1.5,0.43200000000000005,0.1,0.1,1.0,0.2,0.3,0.63,0.6,1.4,0.405,0.45
Wesley Matthews,SG,82,69,33.6,15.899999999999999,0.6,2.6,3.1,2.0,1.24,0.11,1.7000000000000002,2.4,5.4,11.9,0.44899999999999995,1.8999999999999997,4.6,0.40700000000000003,3.2000000000000006,3.7999999999999994,0.84,3.5,7.300000000000001,0.47600000000000003,0.53
Luke Babbitt,SF,24,0,5.7,1.5,0.3,1.0,1.3,0.3,0.08,0.08,0.3,0.6,0.6,2.3,0.273,0.10000000000000002,0.6999999999999998,0.18800000000000003,0.10000000000000002,0.4000000000000001,0.33,0.5,1.6000000000000003,0.308,0.3
Brandon Roy,SG,47,23,27.9,12.2,0.6,2.0,2.6,2.7,0.79,0.26,1.2,1.6,4.4,11.099999999999998,0.4,0.8,2.4,0.33299999999999996,2.5,2.8999999999999995,0.8499999999999999,3.6000000000000005,8.7,0.41800000000000004,0.44
Armon Johnson,PG,38,0,7.3,2.9,0.3,0.7,0.9,1.2,0.13,0.03,1.0,0.8,1.2,2.7,0.45499999999999996,0.1,0.3,0.41700000000000004,0.3,0.6,0.59,1.1,2.4,0.461,0.48
Patty Mills,PG,64,0,12.2,5.5,0.3,0.5,0.8,1.7,0.42,0.02,1.0,1.0,2.1,5.1,0.41200000000000003,0.7,2.1,0.353,0.6,0.7,0.77,1.4,3.0,0.451,0.48
Marcus Camby,C,59,51,26.1,4.7,3.1,7.2,10.3,2.1,0.68,1.56,1.1,2.4,2.0,5.0,0.39799999999999996,0.0,0.0,0.0,0.7,1.2,0.61,2.0,5.0,0.39899999999999997,0.4
Andre Miller,PG,81,81,32.7,12.700000000000001,1.2,2.5,3.6999999999999997,7.0,1.41,0.15,2.4,2.1,4.8,10.4,0.4600000000000001,0.0,0.5,0.10800000000000001,3.1,3.6,0.85,4.8,9.9,0.47600000000000003,0.4600000000000001
LaMarcus Aldridge,PF,81,81,39.6,21.8,3.4,5.3,8.8,2.1,1.01,1.16,1.9000000000000001,2.7,8.7,17.5,0.5,0.0,0.3,0.174,4.3,5.5,0.79,8.7,17.2,0.505,0.5
Mehmet Okur,C,13,0,12.900000000000002,4.9,0.7,1.6,2.3,1.5,0.31,0.31,0.5,1.4,1.6999999999999997,4.8,0.35500000000000004,0.4,1.2,0.313,1.2,1.5,0.75,1.3000000000000003,3.6000000000000005,0.37,0.4
Kyle Weaver,SG,5,0,13.8,5.6,0.4,1.6,2.0,1.4,0.4,0.4,1.4,0.6,1.8,5.0,0.36,0.6,1.4,0.429,1.4,1.6,0.8800000000000001,1.2,3.6,0.33299999999999996,0.42000000000000004
Al Jefferson,C,82,82,35.9,18.6,2.9,6.800000000000001,9.7,1.7999999999999998,0.56,1.87,1.3,2.9,8.0,16.1,0.49599999999999994,0.0,0.0,0.0,2.7,3.5,0.76,8.0,16.1,0.49599999999999994,0.5
Raja Bell,SG,68,63,30.8,8.0,0.5,2.1,2.6,1.7,0.82,0.21,0.9,2.5,2.8,6.9,0.409,1.0,2.8,0.35200000000000004,1.3,1.5,0.89,1.8,4.1,0.449,0.48
Gordon Hayward,SF,72,17,16.9,5.4,0.6,1.4,1.8999999999999997,1.1,0.42,0.26,1.0,1.5,2.0,4.1,0.48500000000000004,0.5,1.0,0.473,1.0,1.3,0.71,1.5,3.1,0.489,0.54
Ronnie Price,PG,59,0,12.2,3.3,0.4,0.7,1.0,0.9,0.71,0.08,0.9,1.8,1.3,3.6,0.35200000000000004,0.3,1.2,0.29,0.5,0.7,0.74,1.0,2.4,0.38299999999999995,0.4
Francisco Elson,C,62,1,9.8,2.2,0.6,1.3,1.9,0.5,0.34,0.23,0.5,1.4,0.9,1.8,0.478,0.0,0.0,0.0,0.4,0.5,0.84,0.9,1.8,0.478,0.48
Jeremy Evans,SF,49,3,9.4,3.6,0.7,1.2,2.0,0.5,0.35,0.35,0.4,1.0,1.6,2.3,0.6609999999999999,0.0,0.0,0.0,0.5,0.8,0.7,1.6,2.3,0.667,0.66
Andrei Kirilenko,SF,64,62,31.2,11.7,1.6,3.5,5.1,3.0,1.27,1.16,1.8,1.8,4.0,8.5,0.467,0.6,1.5,0.36700000000000005,3.3,4.2,0.77,3.4,7.0,0.489,0.5
C.J. Miles,SG,78,19,25.2,12.8,0.7,2.6,3.3,1.7,0.95,0.49,1.2,2.8,4.7,11.5,0.40700000000000003,1.4,4.3,0.322,2.0,2.5,0.81,3.3,7.2,0.459,0.47
Paul Millsap,PF,76,76,34.3,17.3,2.2,5.5,7.6000000000000005,2.5,1.36,0.9099999999999999,1.9000000000000001,3.6,6.8999999999999995,13.0,0.531,0.1,0.3,0.391,3.4,4.4,0.76,6.8,12.7,0.535,0.54
Kyrylo Fesenko,C,53,1,8.6,2.0,0.6,1.3999999999999997,2.0,0.3,0.08,0.3,0.5,1.7,0.8000000000000002,1.8999999999999997,0.44,0.0,0.0,0.0,0.3,0.9,0.39,0.8000000000000002,1.8999999999999997,0.444,0.44
Marcus Cousin,C,4,0,4.5,1.0,0.0,0.8,0.8,0.0,0.0,0.25,0.3,0.3,0.5,0.8,0.667,0.0,0.0,0.0,0.0,0.0,0.0,0.5,0.8,0.667,0.67
Earl Watson,PG,80,13,19.6,4.3,0.7,1.6,2.3,3.5,0.76,0.21000000000000002,1.5,1.8,1.6,3.8,0.41,0.5,1.3,0.336,0.7,1.0,0.67,1.1,2.5,0.45,0.4699999999999999
