TEAM,PLAYER,POS,GP,GS,MIN,PPG,OFFR,DEFR,RPG,APG,SPG,BPG,TPG,FPG,A/TO,PER,FGM,FGA,FG%,3PM,3PA,3P%,FTM,FTA,FT%,2PM,2PA,2P%,PPS,AFG%
bos,Fab Melo, C,6,0,6.0,1.2,0.0,0.5,0.5,0.0,0.33,0.33,0.2,1.2,0.0,5.0,0.5,1.0,.500,0.0,0.0,.000,0.2,0.7,0.25,0.5,1.0,.500,1.167,0.50
bos,Terrence Williams, SG,24,0,13.3,4.6,0.2,1.7,1.8,1.6,0.46,0.08,0.9,0.5,1.7,12.4,2.0,4.0,.495,0.2,0.6,.333,0.4,0.9,0.43,1.8,3.4,.524,1.134,0.52
bos,Leandro Barbosa, SG†,41,2,12.5,5.2,0.2,0.9,1.1,1.4,0.41,0.15,0.5,1.2,2.8,13.6,2.0,4.7,.430,0.4,1.1,.383,0.8,1.0,0.76,1.6,3.6,.445,1.114,0.48
bos,Jared Sullinger, PF,45,5,19.8,6.0,2.0,3.8,5.9,0.8,0.49,0.49,0.6,3.4,1.2,13.5,2.5,5.0,.493,0.0,0.1,.200,1.0,1.4,0.75,2.5,4.9,.500,1.200,0.50
bos,Jeff Green, SF,81,17,27.8,12.8,0.7,3.2,3.9,1.6,0.69,0.84,1.6,2.2,1.0,15.0,4.6,10.0,.466,0.9,2.2,.385,2.6,3.3,0.81,3.7,7.8,.490,1.285,0.51
bos,Darko Milicic, C,1,0,5.0,0.0,0.0,1.0,1.0,0.0,0.00,0.00,2.0,1.0,0.0,-30.1,0.0,1.0,.000,0.0,0.0,.000,0.0,0.0,0.00,0.0,1.0,.000,.000,0.00
bos,Kris Joseph, SF†,6,0,4.0,1.2,0.2,0.7,0.8,0.2,0.00,0.00,0.3,0.3,0.5,-3.2,0.3,1.8,.182,0.0,0.3,.000,0.5,0.7,0.75,0.3,1.5,.222,.636,0.18
bos,Jason Collins, C†,32,7,10.3,1.2,0.7,1.0,1.6,0.2,0.31,0.19,0.5,2.3,0.4,3.0,0.3,0.7,.348,0.0,0.0,.000,0.7,0.9,0.70,0.3,0.7,.348,1.609,0.35
bos,Rajon Rondo, PG,38,38,37.4,13.7,1.1,4.4,5.6,11.1,1.84,0.24,3.9,2.5,2.8,18.1,5.9,12.2,.484,0.3,1.3,.240,1.6,2.4,0.65,5.6,10.9,.513,1.123,0.50
bos,Paul Pierce, SF,77,77,33.4,18.6,0.6,5.7,6.3,4.8,1.09,0.39,2.8,2.7,1.7,19.1,6.2,14.2,.436,1.9,5.0,.380,4.3,5.5,0.79,4.3,9.2,.466,1.310,0.50
bos,Kevin Garnett, PF,68,68,29.7,14.8,1.1,6.7,7.8,2.3,1.15,0.91,1.6,2.3,1.4,19.2,6.2,12.5,.496,0.0,0.2,.125,2.3,3.0,0.79,6.2,12.3,.504,1.181,0.50
bos,Jordan Crawford, SG†,27,2,21.6,9.1,0.5,2.3,2.7,2.5,0.44,0.07,1.6,1.7,1.5,12.0,3.3,8.0,.415,0.9,2.8,.320,1.6,2.0,0.79,2.4,5.2,.465,1.134,0.47
bos,D.J. White, PF,12,0,7.2,2.4,0.3,0.8,1.1,0.3,0.08,0.50,0.2,0.4,2.0,14.8,1.0,1.9,.522,0.0,0.0,.000,0.4,0.8,0.56,1.0,1.9,.522,1.261,0.52
bos,Jason Terry, SG,79,24,26.9,10.1,0.2,1.8,2.0,2.5,0.84,0.14,1.3,1.4,1.9,12.8,3.6,8.2,.434,1.6,4.2,.372,1.4,1.7,0.87,2.0,4.0,.498,1.233,0.53
bos,Courtney Lee, SG,78,39,24.9,7.8,0.4,2.0,2.4,1.8,1.14,0.27,1.1,1.8,1.7,11.7,3.2,6.8,.464,0.7,2.0,.372,0.8,0.9,0.86,2.5,4.8,.503,1.155,0.52
bos,Shavlik Randolph, PF,16,0,12.4,4.2,1.8,2.6,4.4,0.3,0.50,0.44,0.6,2.4,0.4,15.9,1.8,3.0,.583,0.0,0.0,.000,0.7,1.7,0.41,1.8,3.0,.583,1.396,0.58
bos,Chris Wilcox, PF,61,7,13.6,4.2,0.9,2.0,3.0,0.4,0.52,0.46,0.6,2.0,0.6,15.3,1.8,2.5,.719,0.0,0.0,.000,0.6,1.0,0.67,1.8,2.5,.724,1.693,0.72
bos,Avery Bradley, PG,50,50,28.7,9.2,0.6,1.6,2.2,2.1,1.28,0.38,1.4,2.6,1.4,8.9,3.8,9.6,.402,0.8,2.5,.317,0.7,1.0,0.76,3.0,7.1,.432,.964,0.44
bos,Brandon Bass, PF,81,69,27.6,8.7,1.6,3.7,5.2,1.0,0.54,0.79,1.0,2.3,1.1,12.4,3.5,7.3,.486,0.0,0.0,.000,1.6,1.9,0.86,3.5,7.3,.487,1.190,0.49
bos,Jarvis Varnado, PF†,5,0,3.6,1.2,0.2,0.4,0.6,0.2,0.20,0.00,0.2,0.2,1.0,12.8,0.4,0.8,.500,0.0,0.0,.000,0.4,0.8,0.50,0.4,0.8,.500,1.500,0.50
bkn,Kris Humphries, PF,65,21,18.3,5.8,1.9,3.7,5.6,0.5,0.25,0.51,0.9,2.0,0.6,13.7,2.1,4.8,.448,0.0,0.0,.000,1.5,1.9,0.79,2.1,4.8,.451,1.210,0.45
bkn,Deron Williams, PG,78,78,36.4,18.9,0.4,2.6,3.0,7.7,0.96,0.38,2.8,2.5,2.8,20.4,6.3,14.4,.440,2.2,5.7,.378,4.1,4.7,0.86,4.1,8.7,.482,1.313,0.52
bkn,Tyshawn Taylor, PG,38,0,5.8,2.2,0.1,0.4,0.5,0.6,0.34,0.00,0.7,0.7,0.8,6.3,0.8,2.3,.368,0.2,0.3,.462,0.4,0.7,0.56,0.6,2.0,.351,.977,0.40
bkn,Joe Johnson, SF,72,72,36.7,16.3,0.7,2.3,3.0,3.5,0.68,0.19,1.7,1.4,2.1,14.1,6.2,14.6,.423,2.1,5.5,.375,1.8,2.2,0.82,4.1,9.1,.452,1.112,0.49
bkn,Tornike Shengelia, SF,19,0,4.9,1.6,0.5,0.7,1.2,0.2,0.16,0.05,0.6,0.6,0.3,8.5,0.5,1.2,.435,0.1,0.1,.500,0.5,0.8,0.56,0.4,1.1,.429,1.304,0.46
bkn,C.J. Watson, PG,80,8,19.0,6.8,0.5,1.3,1.8,2.0,0.83,0.15,0.9,1.5,2.3,13.9,2.4,5.7,.418,1.1,2.7,.411,0.9,1.1,0.78,1.3,3.0,.424,1.183,0.51
bkn,Andray Blatche, C,82,8,19.0,10.3,2.0,3.1,5.1,1.0,1.05,0.66,1.5,2.0,0.7,22.0,4.2,8.2,.512,0.0,0.3,.136,1.8,2.6,0.69,4.2,7.9,.524,1.247,0.51
bkn,Kris Joseph, SF†,4,0,7.5,0.5,0.0,0.5,0.5,0.0,0.75,0.00,0.0,0.3,0.0,3.7,0.0,0.8,.000,0.0,0.3,.000,0.5,1.0,0.50,0.0,0.5,.000,.667,0.00
bkn,Josh Childress, SF,14,0,7.1,1.0,0.4,0.6,1.1,0.4,0.14,0.14,0.0,0.2,0.0,7.0,0.4,1.5,.286,0.1,0.2,.333,0.1,0.1,0.50,0.3,1.3,.278,.667,0.31
bkn,Damion James, SF,2,0,0.0,0.0,0.0,0.5,0.5,0.0,0.00,0.00,0.0,0.0,0.0,0.0,0.0,0.0,.000,0.0,0.0,.000,0.0,0.0,0.00,0.0,0.0,.000,.000,0.00
bkn,Jerry Stackhouse, SF,37,0,14.7,4.9,0.1,0.8,0.9,0.9,0.19,0.11,0.6,0.8,1.5,8.6,1.8,4.6,.384,0.8,2.4,.337,0.5,0.6,0.87,1.0,2.2,.434,1.058,0.47
bkn,Mirza Teletovic, PF,53,0,9.4,3.5,0.6,1.2,1.8,0.4,0.25,0.15,0.4,1.0,1.2,12.4,1.3,3.5,.384,0.7,2.0,.343,0.2,0.2,0.82,0.6,1.5,.442,1.016,0.48
bkn,Reggie Evans, PF,80,56,24.6,4.5,3.3,7.9,11.1,0.5,0.93,0.16,1.4,2.5,0.4,12.8,1.6,3.3,.479,0.0,0.0,.000,1.4,2.8,0.51,1.6,3.3,.479,1.391,0.48
bkn,Gerald Wallace, SF,69,68,30.1,7.7,1.0,3.6,4.6,2.6,1.41,0.67,1.6,1.7,1.6,11.6,2.6,6.6,.397,0.7,2.4,.282,1.8,2.8,0.64,1.9,4.2,.461,1.159,0.45
bkn,Keith Bogans, SG,74,23,19.0,4.2,0.2,1.4,1.6,1.0,0.38,0.05,0.7,1.5,1.6,6.7,1.5,3.8,.380,1.1,3.3,.343,0.1,0.2,0.65,0.4,0.5,.615,1.095,0.53
bkn,MarShon Brooks, SG,73,2,12.5,5.4,0.4,1.0,1.4,1.0,0.47,0.22,0.9,1.3,1.1,13.5,2.1,4.6,.463,0.2,0.8,.273,0.9,1.3,0.73,1.9,3.8,.500,1.176,0.49
bkn,Brook Lopez, C,74,74,30.4,19.4,2.8,4.1,6.9,0.9,0.45,2.08,1.8,2.1,0.5,24.8,7.7,14.8,.521,0.0,0.0,.000,4.0,5.3,0.76,7.7,14.8,.522,1.314,0.52
ny,James White, SG,57,16,7.6,2.2,0.1,0.8,0.8,0.5,0.23,0.07,0.3,0.8,1.7,9.1,0.9,2.0,.431,0.2,0.7,.341,0.2,0.3,0.58,0.7,1.3,.480,1.078,0.49
ny,Raymond Felton, PG,68,68,34.0,13.9,0.8,2.1,2.9,5.5,1.38,0.21,2.3,1.9,2.4,15.2,5.5,13.0,.427,1.4,3.8,.360,1.5,1.9,0.79,4.1,9.2,.455,1.075,0.48
ny,Kurt Thomas, PF,39,17,10.1,2.5,0.6,1.7,2.3,0.5,0.26,0.41,0.2,1.3,2.6,13.3,1.2,2.1,.542,0.0,0.0,1.000,0.2,0.3,0.46,1.2,2.1,.537,1.169,0.55
ny,Pablo Prigioni, PG,78,18,16.2,3.5,0.5,1.3,1.8,3.0,0.88,0.03,1.1,1.6,2.7,13.0,1.3,2.8,.455,0.7,1.7,.396,0.3,0.3,0.88,0.6,1.1,.547,1.250,0.58
ny,Carmelo Anthony, SF,67,67,37.0,28.7,2.0,4.9,6.9,2.6,0.78,0.48,2.6,3.1,1.0,24.8,10.0,22.2,.449,2.3,6.2,.379,6.3,7.6,0.83,7.7,16.0,.476,1.289,0.50
ny,Kenyon Martin, PF,18,11,23.9,7.2,1.9,3.4,5.3,0.4,0.89,0.94,0.9,3.6,0.5,13.9,3.1,5.2,.602,0.0,0.0,.000,0.9,2.2,0.43,3.1,5.2,.602,1.387,0.60
ny,Amar'e Stoudemire, PF,29,0,23.5,14.2,2.1,2.9,5.0,0.4,0.34,0.72,1.7,3.1,0.3,22.2,5.3,9.2,.577,0.0,0.0,.000,3.6,4.5,0.81,5.3,9.2,.577,1.547,0.58
ny,Jason Kidd, PG,76,48,26.9,6.0,0.7,3.6,4.3,3.3,1.64,0.33,1.0,1.6,3.3,13.5,2.0,5.4,.372,1.5,4.3,.351,0.5,0.6,0.83,0.5,1.1,.452,1.120,0.51
ny,Quentin Richardson, SF,1,0,29.0,5.0,5.0,5.0,10.0,1.0,0.00,0.00,2.0,1.0,0.5,0.7,1.0,11.0,.091,1.0,4.0,.250,2.0,2.0,1.00,0.0,7.0,.000,.455,0.14
ny,Steve Novak, SF,81,1,20.3,6.6,0.2,1.7,1.9,0.4,0.35,0.10,0.1,1.2,2.9,11.3,2.2,5.3,.414,1.8,4.3,.425,0.4,0.4,0.91,0.4,1.0,.367,1.244,0.59
ny,Chris Copeland, SF,56,13,15.4,8.7,0.6,1.5,2.1,0.5,0.29,0.21,0.9,1.9,0.5,16.9,3.3,6.8,.479,1.1,2.5,.421,1.1,1.5,0.76,2.2,4.3,.513,1.279,0.56
ny,J.R. Smith, SG,80,0,33.5,18.1,0.8,4.5,5.3,2.7,1.25,0.30,1.7,2.8,1.6,17.7,6.6,15.6,.422,1.9,5.5,.356,3.0,3.9,0.76,4.7,10.1,.458,1.158,0.48
ny,Iman Shumpert, SG,45,45,22.1,6.8,0.7,2.3,3.0,1.7,0.96,0.16,0.8,2.2,2.0,11.7,2.4,6.1,.396,1.1,2.8,.402,0.8,1.0,0.77,1.3,3.3,.392,1.109,0.49
ny,Ronnie Brewer, SF†,46,34,15.5,3.6,0.6,1.5,2.2,0.9,0.74,0.13,0.3,0.6,2.9,10.2,1.4,3.8,.366,0.5,1.5,.310,0.3,0.8,0.41,0.9,2.3,.404,.949,0.43
ny,Rasheed Wallace, PF,21,0,14.1,7.0,0.5,3.4,4.0,0.3,0.62,0.71,0.5,1.9,0.6,16.7,2.6,6.8,.387,1.0,3.3,.319,0.7,1.0,0.70,1.6,3.5,.452,1.028,0.46
ny,Marcus Camby, C,24,4,10.4,1.8,1.0,2.3,3.3,0.6,0.29,0.58,0.6,1.2,0.9,8.6,0.7,2.2,.321,0.0,0.0,.000,0.3,0.8,0.42,0.7,2.2,.321,.792,0.32
ny,Earl Barron, PF†,1,1,37.0,11.0,6.0,12.0,18.0,2.0,0.00,1.00,1.0,1.0,2.0,15.5,5.0,14.0,.357,0.0,0.0,.000,1.0,2.0,0.50,5.0,14.0,.357,.786,0.36
ny,Tyson Chandler, C,66,66,32.8,10.4,4.1,6.6,10.7,0.9,0.64,1.14,1.3,2.8,0.7,18.9,3.9,6.1,.638,0.0,0.0,.000,2.7,3.9,0.69,3.9,6.1,.638,1.723,0.64
ny,Solomon Jones, PF,2,1,13.0,0.0,0.5,1.0,1.5,0.0,0.00,0.50,1.5,1.5,0.0,-5.7,0.0,0.5,.000,0.0,0.0,.000,0.0,0.0,0.00,0.0,0.5,.000,.000,0.00
phi,Thaddeus Young, SF,76,76,34.6,14.8,2.4,5.1,7.5,1.6,1.75,0.72,1.2,2.5,1.4,18.3,6.7,12.6,.531,0.0,0.1,.125,1.4,2.5,0.57,6.7,12.5,.535,1.176,0.53
phi,Arnett Moultrie, PF,47,0,11.5,3.7,1.6,1.5,3.1,0.2,0.36,0.21,0.4,0.9,0.5,16.7,1.7,2.9,.582,0.0,0.0,.000,0.4,0.6,0.64,1.7,2.9,.582,1.299,0.58
phi,Justin Holiday, SG,9,0,15.8,4.7,0.0,1.6,1.6,1.7,0.33,0.67,1.0,0.8,1.7,7.6,1.8,5.3,.333,0.4,1.8,.250,0.7,0.9,0.75,1.4,3.5,.375,.875,0.38
phi,Charles Jenkins, PG†,12,1,12.5,2.5,0.3,0.7,0.9,1.3,0.50,0.08,0.2,0.3,8.0,8.6,1.2,3.2,.368,0.0,0.0,.000,0.2,0.3,0.50,1.2,3.2,.368,.789,0.37
phi,Kwame Brown, C,22,11,12.2,1.9,1.0,2.3,3.4,0.4,0.27,0.45,0.4,1.7,1.1,8.8,0.8,1.7,.459,0.0,0.0,.000,0.3,0.9,0.37,0.8,1.7,.459,1.108,0.46
phi,Jeremy Pargo, PG†,14,0,14.9,4.9,0.1,1.1,1.2,2.0,0.07,0.00,0.9,1.0,2.2,8.5,1.7,4.5,.381,0.5,1.2,.412,1.0,1.5,0.67,1.2,3.3,.370,1.095,0.44
phi,Spencer Hawes, PF,82,40,27.2,11.0,2.1,5.1,7.2,2.2,0.29,1.38,1.6,2.8,1.4,16.0,4.6,9.9,.464,0.4,1.1,.356,1.5,1.9,0.78,4.2,8.8,.477,1.116,0.48
phi,Jason Richardson, SG,33,33,28.4,10.5,0.6,3.3,3.8,1.5,1.21,0.45,0.8,1.7,2.0,12.6,4.1,10.2,.402,1.7,5.1,.341,0.6,1.0,0.61,2.4,5.1,.462,1.033,0.49
phi,Damien Wilkins, SG,61,21,18.0,6.4,0.5,1.2,1.7,1.5,0.61,0.30,0.8,1.6,1.9,12.5,2.4,5.2,.459,0.3,0.8,.333,1.3,1.8,0.74,2.1,4.4,.483,1.228,0.49
phi,Jrue Holiday, PG,78,78,37.5,17.7,1.1,3.1,4.2,8.0,1.58,0.41,3.7,2.2,2.1,16.7,7.1,16.5,.431,1.2,3.2,.368,2.3,3.1,0.75,5.9,13.3,.446,1.074,0.47
phi,Royal Ivey, PG,53,5,13.2,3.2,0.3,0.8,1.1,0.6,0.43,0.06,0.4,1.4,1.6,8.1,1.2,2.7,.431,0.7,1.7,.420,0.2,0.3,0.56,0.5,1.0,.446,1.181,0.56
phi,Lavoy Allen, PF,79,37,21.1,5.8,2.0,3.0,5.0,0.9,0.30,0.70,0.7,2.3,1.3,11.5,2.6,5.7,.454,0.0,0.0,.000,0.5,0.8,0.72,2.6,5.7,.455,1.002,0.45
phi,Evan Turner, SG,82,82,35.3,13.3,0.7,5.6,6.3,4.3,0.87,0.21,2.3,2.4,1.9,12.2,5.4,12.8,.419,0.7,1.9,.365,1.9,2.5,0.74,4.7,10.9,.428,1.039,0.45
phi,Maalik Wayns, PG†,21,1,7.9,2.7,0.0,0.2,0.2,1.0,0.14,0.00,0.6,0.9,1.5,1.9,0.9,3.4,.264,0.2,1.2,.200,0.6,0.7,0.87,0.7,2.2,.298,.778,0.30
phi,Nick Young, SF,59,17,23.9,10.6,0.4,1.8,2.2,1.4,0.61,0.24,0.8,1.4,1.7,13.4,3.8,9.2,.413,1.3,3.6,.357,1.8,2.2,0.82,2.5,5.6,.449,1.159,0.48
phi,Dorell Wright, SF,79,8,22.6,9.2,0.5,3.3,3.8,1.9,0.78,0.44,0.8,1.2,2.3,16.1,3.0,7.6,.396,1.7,4.6,.374,1.5,1.8,0.85,1.3,3.0,.429,1.217,0.51
phi,Shelvin Mack, PG†,4,0,1.8,0.5,0.0,0.0,0.0,0.3,0.00,0.00,0.5,0.3,0.5,-6.4,0.3,0.5,.500,0.0,0.3,.000,0.0,0.0,0.00,0.3,0.2,1.000,1.000,0.50
tor,Jonas Valanciunas, C,62,57,23.9,8.9,2.0,4.0,6.0,0.7,0.27,1.26,1.5,3.0,0.5,15.6,3.3,5.9,.557,0.0,0.0,.000,2.4,3.0,0.79,3.3,5.9,.557,1.514,0.56
tor,Mickael Pietrus, SF,19,16,20.3,5.3,0.3,1.6,1.9,0.5,0.63,0.32,0.8,1.7,0.6,6.0,1.8,5.2,.347,1.1,3.4,.313,0.6,0.9,0.67,0.7,1.8,.412,1.020,0.45
tor,John Lucas III, PG,63,0,13.1,5.3,0.1,0.9,1.0,1.7,0.37,0.02,0.4,0.8,4.0,12.8,2.0,5.3,.386,0.9,2.4,.377,0.3,0.4,0.72,1.1,2.9,.393,.997,0.47
tor,Quincy Acy, SF,29,0,11.8,4.0,1.0,1.6,2.7,0.4,0.45,0.52,0.6,1.8,0.6,15.9,1.4,2.6,.560,0.0,0.1,.500,1.1,1.3,0.82,1.4,2.5,.562,1.547,0.57
tor,Kyle Lowry, PG,68,52,29.7,11.6,0.8,3.9,4.7,6.4,1.38,0.35,2.3,3.2,2.8,17.5,3.7,9.2,.401,1.5,4.1,.362,2.8,3.5,0.80,2.2,5.1,.433,1.270,0.48
tor,Landry Fields, SG,51,22,20.3,4.7,1.2,2.9,4.1,1.2,0.63,0.16,0.8,1.2,1.4,10.3,2.0,4.4,.457,0.0,0.3,.143,0.7,1.0,0.64,2.0,4.1,.478,1.076,0.46
tor,Rudy Gay, SF†,33,32,34.7,19.5,1.3,5.1,6.4,2.8,1.73,0.67,2.8,2.9,1.0,17.6,7.3,17.1,.425,1.3,4.0,.336,3.6,4.2,0.86,6.0,13.1,.452,1.138,0.46
tor,Aaron Gray, C,42,16,12.2,2.8,1.1,2.0,3.2,0.8,0.17,0.12,0.9,2.0,0.9,9.0,1.1,2.1,.533,0.0,0.0,.000,0.5,1.0,0.52,1.1,2.1,.533,1.322,0.53
tor,Terrence Ross, SF,73,2,17.0,6.4,0.5,1.5,2.0,0.7,0.59,0.19,0.7,1.7,1.1,10.5,2.5,6.3,.407,0.9,2.7,.332,0.4,0.6,0.71,1.6,3.6,.464,1.022,0.48
tor,Sebastian Telfair, PG†,13,0,14.2,4.3,0.1,1.2,1.2,3.0,0.69,0.08,0.8,1.5,3.5,10.7,1.4,4.8,.290,0.8,2.8,.270,0.8,0.9,0.83,0.6,2.0,.320,.903,0.37
tor,DeMar DeRozan, SG,82,82,36.7,18.1,0.6,3.3,3.9,2.5,0.93,0.29,1.8,2.1,1.4,14.8,6.7,15.0,.445,0.4,1.5,.283,4.3,5.2,0.83,6.3,13.5,.463,1.206,0.46
tor,Amir Johnson, PF,81,38,28.7,10.0,2.8,4.7,7.5,1.5,1.00,1.36,1.4,3.7,1.0,17.3,4.1,7.5,.554,0.1,0.2,.385,1.7,2.3,0.73,4.0,7.3,.558,1.342,0.56
tor,Ed Davis, PF†,45,24,24.2,9.7,2.1,4.6,6.7,1.2,0.56,0.84,1.0,2.5,1.2,18.1,4.1,7.5,.549,0.0,0.0,.000,1.5,2.3,0.65,4.1,7.5,.549,1.292,0.55
tor,Linas Kleiza, SF,20,3,18.8,7.4,0.5,2.1,2.6,0.8,0.20,0.10,0.7,2.3,1.1,8.3,2.4,7.2,.333,1.0,3.3,.303,1.6,1.9,0.84,1.4,3.9,.359,1.028,0.40
tor,Jose Calderon, PG†,45,30,28.3,11.1,0.3,2.0,2.4,7.4,0.62,0.13,1.7,1.3,4.4,19.2,4.2,8.8,.470,1.8,4.1,.429,1.0,1.2,0.90,2.4,4.7,.505,1.256,0.57
tor,Dominic McGuire, PF†,15,9,15.3,2.1,0.7,2.5,3.2,0.7,0.33,0.53,0.5,1.7,1.4,7.5,1.0,2.1,.469,0.0,0.0,.000,0.1,0.4,0.33,1.0,2.1,.469,1.000,0.47
tor,Andrea Bargnani, C,35,25,28.7,12.7,0.7,2.9,3.7,1.1,0.60,0.66,1.5,1.8,0.7,11.3,4.9,12.2,.399,1.1,3.5,.309,1.9,2.2,0.84,3.8,8.7,.436,1.040,0.44
tor,Alan Anderson, SG,65,2,23.0,10.7,0.5,1.8,2.3,1.6,0.74,0.11,1.2,2.0,1.3,12.6,3.6,9.5,.383,1.5,4.4,.333,1.9,2.3,0.86,2.1,5.1,.426,1.125,0.46
gs,Andrew Bogut, C,32,32,24.6,5.8,2.1,5.5,7.7,2.1,0.63,1.72,1.1,2.7,1.9,13.8,2.6,5.8,.451,0.0,0.0,1.000,0.6,1.2,0.50,2.6,5.8,.448,1.011,0.45
gs,Andris Biedrins, C,53,9,9.3,0.5,0.6,2.2,2.9,0.3,0.28,0.79,0.3,1.9,1.0,7.7,0.2,0.4,.476,0.0,0.0,.000,0.1,0.2,0.31,0.2,0.4,.476,1.143,0.48
gs,Jarrett Jack, PG,79,4,29.7,12.9,0.3,2.8,3.1,5.6,0.76,0.14,2.0,1.7,2.8,15.9,4.9,10.8,.452,1.0,2.6,.404,2.1,2.5,0.84,3.9,8.2,.466,1.194,0.50
gs,Jeremy Tyler, PF†,20,0,3.2,1.1,0.3,0.6,0.9,0.1,0.05,0.10,0.3,0.5,0.2,6.1,0.5,1.2,.375,0.0,0.0,.000,0.2,0.3,0.67,0.5,1.2,.375,.917,0.38
gs,Richard Jefferson, SF,56,1,10.1,3.1,0.1,1.4,1.5,0.6,0.25,0.13,0.4,0.8,1.3,10.4,1.1,2.4,.456,0.3,0.8,.311,0.7,0.9,0.72,0.8,1.6,.527,1.294,0.51
gs,Stephen Curry, PG,78,78,38.2,22.9,0.8,3.3,4.0,6.9,1.62,0.15,3.1,2.5,2.2,21.3,8.0,17.8,.451,3.5,7.7,.453,3.4,3.7,0.90,4.5,10.1,.449,1.287,0.55
gs,Festus Ezeli, C,78,41,14.4,2.4,1.8,2.2,4.0,0.3,0.29,0.95,0.8,2.0,0.3,9.3,0.9,2.2,.438,0.0,0.0,.000,0.6,1.0,0.53,0.9,2.2,.438,1.130,0.44
gs,David Lee, PF,79,79,36.8,18.5,2.8,8.5,11.2,3.5,0.85,0.28,2.6,3.1,1.3,19.2,7.6,14.7,.519,0.0,0.1,.000,3.2,4.1,0.80,7.6,14.6,.521,1.258,0.52
gs,Harrison Barnes, SF,81,81,25.4,9.2,0.7,3.5,4.1,1.2,0.64,0.17,1.2,1.7,1.0,11.1,3.4,7.8,.439,0.6,1.8,.359,1.8,2.3,0.76,2.8,6.0,.464,1.191,0.48
gs,Malcolm Thomas, PF†,5,0,4.2,0.6,0.0,1.0,1.0,0.4,0.00,0.20,0.2,0.2,2.0,8.8,0.0,0.2,.000,0.0,0.0,.000,0.6,0.8,0.75,0.0,0.2,.000,3.000,0.00
gs,Carl Landry, PF,81,2,23.2,10.8,2.2,3.7,6.0,0.8,0.43,0.38,1.4,2.3,0.6,17.6,4.0,7.4,.540,0.0,0.0,.333,2.8,3.4,0.82,4.0,7.4,.541,1.452,0.54
gs,Brandon Rush, SG,2,0,12.5,7.0,0.0,0.5,0.5,1.0,0.00,0.00,1.5,2.5,0.7,12.0,3.0,4.5,.667,0.0,1.0,.000,1.0,1.5,0.67,3.0,3.5,.857,1.556,0.67
gs,Klay Thompson, SG,82,82,35.8,16.6,0.4,3.3,3.7,2.2,1.05,0.55,1.9,2.9,1.2,12.7,6.2,14.7,.422,2.6,6.4,.401,1.6,1.9,0.84,3.6,8.3,.437,1.128,0.51
gs,Charles Jenkins, PG†,47,0,6.2,1.7,0.1,0.3,0.4,0.6,0.19,0.02,0.4,0.4,1.5,6.9,0.7,1.8,.422,0.0,0.0,.500,0.2,0.4,0.56,0.7,1.8,.420,.976,0.43
gs,Kent Bazemore, SG,61,0,4.4,2.0,0.1,0.3,0.4,0.4,0.28,0.07,0.3,0.4,1.2,11.3,0.7,1.9,.371,0.2,0.6,.294,0.4,0.7,0.61,0.5,1.3,.402,1.060,0.41
gs,Draymond Green, SF,79,1,13.4,2.9,0.7,2.6,3.3,0.7,0.53,0.32,0.6,2.0,1.0,7.2,1.1,3.3,.327,0.2,0.8,.209,0.6,0.7,0.82,0.9,2.5,.368,.883,0.35
lac,DaJuan Summers, SF,2,0,3.5,1.0,0.0,1.0,1.0,0.5,0.00,0.00,0.0,0.0,0.0,4.3,0.5,2.0,.250,0.0,0.0,.000,0.0,0.0,0.00,0.5,2.0,.250,.500,0.25
lac,Ronny Turiaf, C,65,0,10.8,1.9,0.7,1.6,2.3,0.5,0.29,0.54,0.4,1.2,1.2,9.4,0.8,1.5,.505,0.0,0.0,.000,0.4,1.0,0.37,0.8,1.5,.505,1.247,0.51
lac,Caron Butler, SF,78,78,24.1,10.4,0.5,2.3,2.9,1.0,0.65,0.14,0.9,1.8,1.1,12.5,3.9,9.2,.424,1.6,4.2,.388,1.0,1.2,0.83,2.3,5.0,.454,1.129,0.51
lac,Lamar Odom, PF,82,2,19.7,4.0,1.4,4.4,5.9,1.7,0.84,0.71,1.0,2.6,1.7,11.0,1.8,4.5,.399,0.2,1.1,.200,0.2,0.5,0.48,1.6,3.4,.464,.902,0.42
lac,Chris Paul, PG,70,70,33.4,16.9,0.8,3.0,3.7,9.7,2.41,0.14,2.3,2.0,4.3,26.4,5.9,12.2,.481,1.1,3.3,.328,4.1,4.6,0.89,4.8,8.9,.538,1.386,0.53
lac,Eric Bledsoe, PG,76,12,20.4,8.5,1.0,1.9,3.0,3.1,1.43,0.72,1.8,1.5,1.7,17.6,3.3,7.5,.445,0.4,1.0,.397,1.4,1.8,0.79,2.9,6.5,.453,1.132,0.47
lac,DeAndre Jordan, C,82,82,24.5,8.8,2.6,4.7,7.2,0.3,0.59,1.37,1.2,2.3,0.3,17.2,3.8,6.0,.643,0.0,0.0,.000,1.2,3.0,0.39,3.8,6.0,.643,1.484,0.64
lac,Matt Barnes, SF,80,4,25.7,10.3,1.4,3.2,4.6,1.5,1.03,0.79,1.1,2.9,1.4,15.6,3.9,8.4,.462,1.4,4.1,.342,1.1,1.5,0.74,2.5,4.3,.574,1.218,0.54
lac,Willie Green, SG,72,60,16.5,6.3,0.2,1.1,1.3,0.8,0.40,0.17,0.4,1.3,1.8,11.9,2.5,5.4,.461,1.0,2.3,.428,0.3,0.4,0.72,1.5,3.1,.486,1.166,0.55
lac,Chauncey Billups, PG,22,22,19.0,8.4,0.1,1.4,1.5,2.2,0.55,0.05,1.2,1.1,1.9,15.0,2.4,6.0,.402,1.5,4.1,.367,2.0,2.2,0.94,0.9,1.9,.476,1.394,0.53
lac,Blake Griffin, PF,80,80,32.5,18.0,2.3,6.0,8.3,3.7,1.21,0.63,2.3,2.9,1.6,22.4,7.2,13.4,.538,0.1,0.4,.179,3.5,5.3,0.66,7.1,13.0,.548,1.343,0.54
lac,Maalik Wayns, PG†,6,0,6.2,3.3,0.0,0.3,0.3,1.2,0.50,0.00,0.3,1.3,3.5,19.6,1.2,2.7,.438,0.3,1.0,.333,0.7,0.7,1.00,0.9,1.7,.500,1.250,0.50
lac,Jamal Crawford, SG,76,0,29.3,16.5,0.3,1.4,1.7,2.5,1.04,0.17,1.9,0.9,1.3,16.9,5.9,13.4,.438,2.0,5.2,.376,2.8,3.3,0.87,3.9,8.2,.477,1.235,0.51
lac,Grant Hill, SF,29,0,15.1,3.2,0.2,1.5,1.7,0.9,0.38,0.24,0.9,1.3,1.0,4.8,1.3,3.4,.388,0.1,0.4,.273,0.5,0.8,0.58,1.2,3.0,.402,.949,0.40
lac,Ryan Hollins, C,60,0,11.1,3.4,0.8,1.5,2.3,0.2,0.10,0.57,0.7,2.2,0.3,11.4,1.2,1.9,.614,0.0,0.0,.000,1.1,1.5,0.75,1.2,1.9,.614,1.807,0.61
lal,Robert Sacre, C,32,3,6.3,1.3,0.3,0.8,1.1,0.2,0.00,0.31,0.3,1.2,0.6,3.5,0.6,1.5,.375,0.0,0.0,.000,0.2,0.3,0.64,0.6,1.5,.375,.896,0.38
lal,Chris Duhon, PG,46,9,17.8,2.9,0.2,1.2,1.5,2.9,0.43,0.02,0.9,1.2,3.3,8.0,1.0,2.7,.382,0.7,2.0,.363,0.1,0.3,0.46,0.3,0.7,.438,1.081,0.52
lal,Pau Gasol, PF,49,42,33.8,13.7,2.3,6.3,8.6,4.1,0.49,1.24,2.1,1.9,1.9,16.7,5.5,11.8,.466,0.2,0.6,.286,2.6,3.6,0.70,5.3,11.2,.475,1.162,0.47
lal,Antawn Jamison, PF,76,6,21.5,9.4,1.4,3.3,4.8,0.7,0.39,0.29,0.7,1.6,0.9,15.4,3.5,7.6,.464,1.1,3.1,.361,1.2,1.8,0.69,2.4,4.5,.535,1.238,0.54
lal,Earl Clark, SF,59,36,23.1,7.3,1.4,4.1,5.5,1.1,0.61,0.75,1.1,1.7,1.0,12.5,2.9,6.5,.440,0.6,1.8,.337,0.9,1.3,0.70,2.3,4.7,.479,1.109,0.49
lal,Steve Blake, PG,45,13,26.1,7.3,0.5,2.5,2.9,3.8,0.76,0.13,1.4,1.8,2.8,11.8,2.5,6.0,.422,1.6,3.8,.421,0.6,0.8,0.77,0.9,2.2,.424,1.211,0.56
lal,Darius Johnson-Odom, SG,4,0,1.5,0.0,0.3,0.8,1.0,0.3,0.00,0.00,0.0,0.0,0.0,-6.7,0.0,1.0,.000,0.0,0.3,.000,0.0,0.0,0.00,0.0,0.7,.000,.000,0.00
lal,Darius Morris, PG,48,17,14.2,4.0,0.5,0.7,1.2,1.6,0.44,0.04,0.9,1.2,1.7,8.1,1.5,3.9,.388,0.5,1.4,.364,0.5,0.8,0.65,1.0,2.5,.402,1.032,0.45
lal,Kobe Bryant, SG,78,78,38.6,27.3,0.8,4.7,5.6,6.0,1.36,0.32,3.7,2.2,1.6,23.1,9.5,20.4,.463,1.7,5.2,.324,6.7,8.0,0.84,7.8,15.2,.510,1.337,0.50
lal,Andrew Goudelock, PG,1,0,6.0,0.0,1.0,0.0,1.0,0.0,0.00,0.00,0.0,0.0,0.0,-6.4,0.0,2.0,.000,0.0,0.0,.000,0.0,0.0,0.00,0.0,2.0,.000,.000,0.00
lal,Dwight Howard, C,76,76,35.8,17.1,3.3,9.1,12.4,1.4,1.11,2.45,3.0,3.8,0.5,19.5,6.2,10.7,.578,0.0,0.1,.167,4.7,9.5,0.49,6.2,10.6,.581,1.594,0.58
lal,Jodie Meeks, SG,78,10,21.3,7.9,0.5,1.7,2.2,0.9,0.74,0.06,0.7,1.3,1.3,11.4,2.6,6.8,.387,1.6,4.4,.357,1.1,1.2,0.90,1.0,2.4,.441,1.166,0.50
lal,Steve Nash, PG,50,50,32.5,12.7,0.5,2.3,2.8,6.7,0.60,0.10,2.5,1.4,2.6,16.0,4.7,9.5,.497,1.1,2.6,.438,2.1,2.3,0.92,3.6,6.9,.519,1.339,0.56
lal,Metta World Peace, SF,75,66,33.7,12.4,1.3,3.6,5.0,1.5,1.63,0.56,1.3,2.6,1.1,12.6,4.4,11.0,.403,1.9,5.5,.342,1.7,2.3,0.73,2.5,5.5,.464,1.127,0.49
lal,Jordan Hill, C,29,1,15.8,6.7,2.8,2.9,5.7,0.4,0.28,0.66,0.9,1.9,0.5,18.5,2.7,5.3,.497,0.0,0.1,.000,1.4,2.1,0.66,2.7,5.2,.503,1.252,0.50
lal,Devin Ebanks, SF,19,3,10.4,3.4,0.5,1.6,2.2,0.5,0.16,0.05,0.6,1.2,0.9,6.4,1.3,3.8,.329,0.3,1.2,.273,0.6,0.7,0.79,1.0,2.6,.353,.890,0.37
phx,Luke Zeller, PF,16,0,3.6,1.2,0.1,0.6,0.6,0.2,0.00,0.00,0.0,0.3,0.0,5.7,0.6,1.6,.346,0.1,0.3,.200,0.0,0.0,0.00,0.5,1.3,.381,.731,0.37
phx,Hamed Haddadi, C†,17,0,13.8,4.1,1.9,3.2,5.1,0.5,0.29,1.24,1.6,2.6,0.3,11.2,1.6,3.6,.459,0.0,0.0,.000,0.8,1.5,0.52,1.6,3.6,.459,1.131,0.46
phx,Goran Dragic, SG,77,77,33.5,14.7,0.8,2.3,3.1,7.4,1.61,0.34,2.8,2.8,2.7,17.5,5.2,11.8,.443,1.1,3.6,.319,3.2,4.2,0.75,4.1,8.2,.497,1.252,0.49
phx,Luis Scola, PF,82,67,26.6,12.8,1.9,4.7,6.6,2.2,0.82,0.43,1.5,3.1,1.4,16.8,5.3,11.2,.472,0.0,0.2,.188,2.2,2.8,0.79,5.3,11.0,.477,1.145,0.47
phx,Sebastian Telfair, PG†,46,2,17.3,6.0,0.3,1.2,1.5,2.5,0.61,0.22,1.2,1.8,2.2,11.0,2.0,5.4,.381,0.9,2.5,.381,1.0,1.2,0.77,1.1,2.9,.381,1.113,0.47
phx,Michael Beasley, SF,75,20,20.7,10.1,0.7,3.1,3.8,1.5,0.41,0.45,1.9,1.4,0.8,10.9,4.1,10.2,.405,0.6,1.9,.313,1.3,1.7,0.75,3.5,8.3,.426,.991,0.43
phx,Shannon Brown, PG,59,22,23.8,10.5,0.7,1.8,2.5,1.8,1.00,0.25,1.3,1.6,1.5,13.1,4.1,9.7,.420,0.7,2.4,.277,1.7,2.1,0.78,3.4,7.3,.467,1.081,0.45
phx,Kendall Marshall, PG,48,3,14.6,3.0,0.1,0.8,0.9,3.0,0.46,0.08,1.2,1.0,2.5,7.8,1.2,3.1,.371,0.5,1.5,.315,0.2,0.3,0.57,0.7,1.6,.423,.947,0.45
phx,P.J. Tucker, SF,79,45,24.2,6.4,1.7,2.8,4.4,1.4,0.78,0.24,0.8,1.8,1.6,11.6,2.7,5.6,.473,0.3,0.9,.314,0.8,1.1,0.74,2.4,4.7,.503,1.140,0.50
phx,Jared Dudley, SG,79,50,27.5,10.9,1.0,2.1,3.1,2.6,0.95,0.10,1.3,1.6,2.0,14.9,4.0,8.5,.468,1.3,3.4,.391,1.6,2.1,0.80,2.7,5.1,.520,1.287,0.55
phx,Jermaine O'Neal, C,55,4,18.7,8.3,1.5,3.8,5.3,0.8,0.35,1.42,1.3,2.3,0.6,16.8,3.3,6.7,.482,0.0,0.0,.000,1.7,2.1,0.83,3.3,6.7,.482,1.224,0.48
phx,Marcus Morris, PF†,23,6,16.1,5.7,0.7,1.8,2.5,0.7,0.78,0.17,1.0,1.7,0.6,8.6,2.2,5.5,.405,0.5,1.7,.308,0.7,1.8,0.40,1.7,3.8,.448,1.040,0.45
phx,Wesley Johnson, SF,50,21,19.1,8.0,0.4,2.0,2.5,0.7,0.44,0.36,1.0,1.1,0.7,10.3,3.2,7.9,.407,1.0,3.1,.323,0.5,0.7,0.77,2.2,4.8,.461,1.008,0.47
phx,Marcin Gortat, C,61,61,30.8,11.1,2.1,6.4,8.5,1.2,0.66,1.61,1.6,2.1,0.8,15.5,4.8,9.3,.521,0.0,0.0,.000,1.5,2.3,0.65,4.8,9.3,.524,1.201,0.52
phx,Diante Garrett, PG,19,0,7.8,2.1,0.3,0.5,0.8,1.6,0.53,0.00,0.8,0.3,1.9,9.0,0.8,2.6,.327,0.2,0.8,.200,0.3,0.5,0.50,0.6,1.8,.382,.816,0.36
phx,Markieff Morris, PF,82,32,22.4,8.2,1.6,3.2,4.8,1.3,0.94,0.78,1.3,2.5,1.0,12.7,3.2,8.0,.407,0.5,1.6,.336,1.1,1.5,0.73,2.7,6.4,.426,1.026,0.44
sac,Tyler Honeycutt, SF†,9,0,3.6,0.9,0.3,0.8,1.1,0.2,0.00,0.11,0.6,0.2,0.4,2.0,0.3,1.2,.273,0.0,0.2,.000,0.2,0.2,1.00,0.3,1.0,.333,.727,0.27
sac,Thomas Robinson, PF†,51,0,15.9,4.8,1.8,2.9,4.7,0.7,0.49,0.41,1.3,1.9,0.6,10.6,2.0,4.8,.424,0.0,0.0,.000,0.8,1.4,0.58,2.0,4.8,.424,1.016,0.42
sac,Aaron Brooks, PG†,46,20,20.8,8.0,0.3,1.4,1.7,2.3,0.63,0.15,1.4,1.9,1.7,12.1,3.0,6.6,.459,1.0,2.8,.378,0.9,1.1,0.77,2.0,3.8,.517,1.208,0.54
sac,John Salmons, SF,76,72,30.0,8.8,0.4,2.3,2.7,3.0,0.67,0.33,1.1,1.9,2.7,10.2,3.2,8.1,.399,1.3,3.5,.371,1.1,1.4,0.77,1.9,4.6,.420,1.098,0.48
sac,Toney Douglas, PG†,22,0,17.1,6.1,0.5,1.7,2.2,2.6,1.41,0.05,1.1,1.9,2.3,16.1,2.2,5.2,.430,1.0,2.5,.389,0.7,0.7,1.00,1.2,2.7,.467,1.184,0.52
sac,Isaiah Thomas, PG,79,62,26.9,13.9,0.4,1.7,2.0,4.0,0.85,0.04,1.8,2.1,2.3,17.6,4.6,10.5,.440,1.5,4.1,.358,3.2,3.6,0.88,3.1,6.4,.491,1.322,0.51
sac,Patrick Patterson, PF†,24,3,23.2,8.0,1.7,3.2,4.8,1.3,0.54,0.54,0.8,2.0,1.6,14.5,3.5,7.0,.494,0.7,1.5,.444,0.5,0.6,0.79,2.8,5.5,.508,1.149,0.54
sac,Travis Outlaw, SF,38,2,11.7,5.3,0.4,1.2,1.6,0.6,0.29,0.21,0.5,0.9,1.1,13.1,1.9,4.7,.418,0.4,1.3,.280,1.0,1.4,0.73,1.5,3.4,.472,1.130,0.46
sac,DeMarcus Cousins, C,75,74,30.5,17.1,3.0,7.0,9.9,2.7,1.44,0.73,3.0,3.6,0.9,20.2,6.4,13.8,.465,0.1,0.3,.182,4.2,5.6,0.74,6.3,13.5,.471,1.236,0.47
sac,Jason Thompson, PF,82,81,27.9,10.9,2.1,4.6,6.7,1.0,0.59,0.74,1.2,2.8,0.8,14.6,4.6,9.1,.502,0.0,0.0,.000,1.7,2.5,0.69,4.6,9.1,.504,1.196,0.50
sac,Francisco Garcia, SG†,40,15,17.8,5.2,0.2,1.5,1.7,1.1,0.80,0.78,0.5,1.7,2.2,10.5,1.9,5.1,.376,1.0,2.7,.367,0.3,0.4,0.86,0.9,2.4,.385,1.005,0.47
sac,Cole Aldrich, C†,15,0,11.7,3.3,1.2,3.0,4.2,0.2,0.13,0.93,0.6,1.3,0.3,15.8,1.4,2.5,.568,0.0,0.0,.000,0.5,0.7,0.73,1.4,2.5,.568,1.351,0.57
sac,Marcus Thornton, SG,72,8,24.0,12.7,0.7,1.8,2.5,1.3,0.85,0.06,0.9,1.5,1.3,16.3,4.6,10.8,.429,2.0,5.3,.372,1.5,1.8,0.88,2.6,5.5,.484,1.183,0.52
sac,Tyreke Evans, SF,65,61,31.0,15.2,0.9,3.6,4.4,3.5,1.38,0.42,2.0,2.0,1.8,18.2,5.6,11.8,.478,0.7,2.0,.338,3.2,4.2,0.77,4.9,9.8,.508,1.290,0.51
sac,Chuck Hayes, C,74,1,16.3,2.7,1.5,2.5,4.0,1.5,0.42,0.24,0.6,1.5,2.5,10.7,1.1,2.6,.442,0.0,0.0,.000,0.4,0.6,0.63,1.1,2.6,.444,1.042,0.44
sac,Jimmer Fredette, PG,69,0,14.0,7.2,0.3,0.8,1.0,1.3,0.45,0.04,1.0,0.9,1.4,14.7,2.5,5.9,.421,0.9,2.3,.417,1.2,1.4,0.86,1.6,3.6,.423,1.208,0.50
sac,James Johnson, PF,54,11,16.3,5.1,0.9,1.8,2.7,1.1,0.76,0.93,1.3,1.8,0.9,10.3,2.2,5.2,.413,0.0,0.4,.095,0.7,1.2,0.60,2.2,4.8,.439,.975,0.42
chi,Marco Belinelli, SG,73,27,25.8,9.6,0.2,1.7,1.9,2.0,0.60,0.08,1.1,1.9,1.8,10.4,3.3,8.4,.395,1.1,3.0,.357,1.9,2.3,0.84,2.2,5.4,.416,1.151,0.46
chi,Lou Amundson, PF†,1,0,2.0,0.0,1.0,0.0,1.0,0.0,0.00,0.00,0.0,0.0,0.0,0.0,0.0,1.0,.000,0.0,0.0,.000,0.0,0.0,0.00,0.0,1.0,.000,.000,0.00
chi,Nazr Mohammed, C,63,12,11.0,2.6,1.2,1.9,3.1,0.4,0.33,0.51,0.4,1.5,1.1,10.8,1.0,2.9,.367,0.0,0.0,.000,0.5,0.7,0.72,1.0,2.9,.371,.922,0.37
chi,Daequan Cook, SG†,33,0,8.4,2.5,0.1,1.2,1.3,0.3,0.06,0.15,0.3,0.4,1.0,4.1,0.9,3.3,.278,0.5,1.8,.246,0.2,0.3,0.78,0.4,1.5,.319,.759,0.35
chi,Luol Deng, SF,75,75,38.7,16.5,2.2,4.2,6.3,3.0,1.08,0.43,1.9,1.4,1.5,15.1,6.2,14.6,.426,1.0,3.1,.322,3.1,3.8,0.82,5.2,11.5,.455,1.132,0.46
chi,Richard Hamilton, SG,50,45,21.8,9.8,0.3,1.3,1.7,2.4,0.48,0.10,1.7,1.9,1.4,10.6,4.1,9.5,.429,0.3,1.0,.308,1.3,1.5,0.86,3.8,8.5,.444,1.032,0.45
chi,Carlos Boozer, PF,79,79,32.2,16.2,2.2,7.5,9.8,2.3,0.84,0.35,2.2,3.0,1.0,17.2,6.9,14.4,.477,0.0,0.0,.000,2.4,3.3,0.73,6.9,14.4,.478,1.124,0.48
chi,Jimmy Butler, SG,82,20,26.0,8.6,1.7,2.3,4.0,1.4,0.95,0.38,0.8,1.2,1.9,15.3,2.9,6.2,.467,0.5,1.3,.381,2.3,2.8,0.80,2.4,4.9,.489,1.377,0.51
chi,Joakim Noah, C,66,64,36.8,11.9,3.9,7.2,11.1,4.0,1.18,2.14,2.7,2.8,1.5,18.2,4.6,9.5,.481,0.0,0.1,.000,2.7,3.6,0.75,4.6,9.4,.485,1.244,0.48
chi,Vladimir Radmanovic, SF,25,0,5.8,1.3,0.4,0.7,1.1,0.3,0.32,0.16,0.3,1.2,1.1,6.3,0.5,1.7,.302,0.2,1.1,.185,0.1,0.1,0.67,0.3,0.6,.500,.767,0.36
chi,Marquis Teague, PG,48,0,8.2,2.1,0.1,0.9,0.9,1.3,0.19,0.15,0.7,1.0,1.8,6.0,0.9,2.4,.381,0.1,0.5,.174,0.2,0.3,0.56,0.8,1.9,.433,.876,0.40
chi,Malcolm Thomas, PF†,7,0,5.1,1.7,0.7,0.9,1.6,0.3,0.29,0.14,0.3,1.0,1.0,16.7,0.7,1.3,.556,0.0,0.0,.000,0.3,0.6,0.50,0.7,1.3,.556,1.333,0.56
chi,Kirk Hinrich, SG,60,60,29.4,7.7,0.3,2.4,2.6,5.2,1.05,0.42,1.7,3.2,3.2,10.9,2.7,7.0,.377,1.2,3.0,.390,1.2,1.6,0.71,1.5,4.0,.367,1.088,0.46
chi,Nate Robinson, PG,82,23,25.4,13.1,0.4,1.9,2.2,4.4,1.04,0.12,1.8,2.5,2.5,17.4,4.9,11.2,.433,1.7,4.2,.405,1.6,2.1,0.80,3.2,7.0,.450,1.166,0.51
chi,Taj Gibson, PF,65,5,22.4,8.0,1.9,3.4,5.3,0.9,0.42,1.38,1.2,2.6,0.8,14.5,3.3,6.8,.485,0.0,0.1,.000,1.4,2.0,0.68,3.3,6.7,.490,1.172,0.49
cle,Daniel Gibson, SG,46,3,20.0,5.4,0.1,1.2,1.3,1.8,0.65,0.09,0.7,1.9,2.6,7.7,1.8,5.4,.340,1.2,3.5,.344,0.6,0.8,0.70,0.6,1.9,.333,1.012,0.45
cle,Marreese Speights, PF†,39,1,18.5,10.2,1.8,3.3,5.1,0.7,0.36,0.67,1.2,2.3,0.6,18.3,3.9,8.6,.457,0.0,0.1,.200,2.2,2.8,0.81,3.9,8.5,.461,1.175,0.46
cle,Alonzo Gee, SF,82,82,31.0,10.3,0.9,3.0,3.9,1.6,1.30,0.35,1.6,2.4,1.0,10.6,3.7,9.1,.410,0.8,2.7,.315,2.0,2.5,0.80,2.9,6.4,.450,1.132,0.46
cle,Omri Casspi, SF,43,1,11.7,4.0,0.5,2.2,2.7,0.7,0.58,0.28,0.5,1.0,1.3,12.9,1.5,3.7,.394,0.6,1.8,.329,0.5,1.0,0.54,0.9,1.9,.452,1.081,0.47
cle,Kyrie Irving, PG,59,59,34.7,22.5,0.6,3.1,3.7,5.9,1.51,0.36,3.2,2.5,1.8,21.5,8.2,18.1,.452,1.8,4.7,.391,4.2,4.9,0.86,6.4,13.4,.474,1.238,0.50
cle,Luke Walton, SF,50,0,17.1,3.4,0.8,2.1,2.9,3.3,0.84,0.26,1.2,2.0,2.8,11.3,1.4,3.6,.392,0.4,1.3,.299,0.2,0.4,0.50,1.0,2.3,.447,.950,0.45
cle,Tristan Thompson, PF,82,82,31.3,11.7,3.7,5.7,9.4,1.3,0.73,0.87,1.5,2.9,0.9,16.1,4.8,9.7,.488,0.0,0.0,.000,2.2,3.5,0.61,4.8,9.7,.490,1.198,0.49
cle,Tyler Zeller, C,77,55,26.4,7.9,2.1,3.6,5.7,1.2,0.45,0.91,1.2,3.3,1.0,11.0,3.2,7.3,.438,0.0,0.1,.000,1.6,2.0,0.76,3.2,7.2,.441,1.091,0.44
cle,C.J. Miles, SG,65,13,21.0,11.2,0.4,2.3,2.7,1.0,0.75,0.26,1.1,2.1,0.9,15.4,3.9,9.4,.415,1.9,5.0,.384,1.4,1.6,0.87,2.0,4.4,.451,1.187,0.52
cle,Chris Quinn, PG,7,0,11.1,1.4,0.1,0.1,0.3,1.3,0.43,0.00,0.9,0.6,1.5,1.3,0.6,2.3,.250,0.0,0.7,.000,0.3,0.3,1.00,0.6,1.6,.364,.625,0.25
cle,Jon Leuer, PF†,9,0,10.1,2.4,0.6,0.9,1.4,0.6,0.22,0.00,0.6,1.2,1.0,3.3,1.1,3.1,.357,0.0,0.3,.000,0.2,0.7,0.33,1.1,2.8,.400,.786,0.36
cle,Wayne Ellington, SG†,38,17,25.9,10.4,0.5,2.5,3.0,1.6,0.76,0.05,0.9,1.1,1.9,13.9,3.8,8.7,.439,1.4,3.8,.371,1.4,1.6,0.90,2.4,4.9,.492,1.200,0.52
cle,Kevin Jones, PF,32,0,10.4,3.0,1.2,1.3,2.4,0.3,0.28,0.16,0.3,0.8,1.3,11.1,1.3,3.3,.402,0.0,0.0,.000,0.3,0.5,0.60,1.3,3.3,.402,.888,0.40
cle,Shaun Livingston, PG†,49,12,23.2,7.2,0.6,1.9,2.5,3.6,0.76,0.59,1.2,2.1,3.0,14.6,2.9,5.7,.507,0.0,0.0,.000,1.4,1.7,0.84,2.9,5.7,.509,1.264,0.51
cle,Jeremy Pargo, PG†,25,11,17.9,7.8,0.3,1.0,1.3,2.6,0.48,0.08,1.5,1.3,1.7,11.4,3.0,7.5,.401,0.7,2.3,.316,1.1,1.6,0.68,2.3,5.2,.438,1.048,0.45
cle,Anderson Varejao, C,25,25,36.0,14.1,5.5,8.9,14.4,3.4,1.48,0.56,1.8,2.7,1.9,21.7,5.5,11.6,.478,0.0,0.2,.000,3.1,4.1,0.75,5.5,11.4,.486,1.221,0.48
cle,Dion Waiters, SG,61,48,28.8,14.7,0.4,2.1,2.4,3.0,0.97,0.26,2.0,1.9,1.5,13.8,5.5,13.4,.412,1.0,3.3,.310,2.6,3.5,0.75,4.5,10.1,.446,1.097,0.45
cle,Samardo Samuels, PF,18,1,10.9,3.2,0.6,1.0,1.6,0.4,0.17,0.17,0.3,1.7,1.3,6.3,1.2,3.3,.367,0.0,0.1,.000,0.8,1.3,0.58,1.2,3.2,.373,.967,0.37
cle,Donald Sloan, PG†,20,0,12.9,4.1,0.2,1.3,1.4,1.9,0.25,0.00,0.7,0.9,2.8,9.9,1.4,3.9,.346,0.4,1.0,.368,1.0,1.3,0.80,1.0,2.9,.339,1.038,0.39
det,Greg Monroe, PF,81,81,33.2,16.0,2.9,6.7,9.6,3.5,1.30,0.68,2.9,2.3,1.2,19.5,6.3,13.1,.486,0.0,0.0,.000,3.3,4.8,0.69,6.3,13.1,.488,1.227,0.49
det,Andre Drummond, C,60,10,20.7,7.9,2.8,4.8,7.6,0.5,0.98,1.58,1.0,2.4,0.5,21.7,3.5,5.7,.608,0.0,0.0,.500,1.0,2.7,0.37,3.5,5.7,.609,1.392,0.61
det,Slava Kravtsov, C,25,0,9.0,3.1,1.0,0.8,1.8,0.4,0.20,0.36,0.6,1.3,0.6,14.5,1.3,1.8,.717,0.0,0.0,.000,0.4,1.5,0.30,1.3,1.8,.717,1.674,0.72
det,Jonas Jerebko, PF,49,2,18.2,7.7,1.4,2.4,3.8,0.9,0.78,0.16,0.9,1.8,1.0,15.7,2.9,6.4,.449,0.5,1.7,.301,1.4,1.8,0.77,2.4,4.7,.502,1.193,0.49
det,Brandon Knight, PG,75,75,31.5,13.3,0.7,2.6,3.3,4.0,0.77,0.11,2.7,2.1,1.5,12.0,4.8,11.7,.407,1.6,4.4,.367,2.2,3.0,0.73,3.2,7.3,.430,1.138,0.47
det,Khris Middleton, PF,27,0,17.6,6.1,0.1,1.7,1.9,1.0,0.56,0.15,0.4,2.0,2.5,11.4,2.3,5.2,.440,0.5,1.7,.311,1.0,1.2,0.84,1.8,3.5,.500,1.170,0.49
det,Austin Daye, SF†,24,0,14.5,5.1,0.4,2.2,2.6,0.9,0.21,0.33,0.5,1.8,1.6,12.6,1.8,4.0,.443,0.9,1.7,.525,0.6,0.8,0.83,0.9,2.3,.386,1.258,0.55
det,Kyle Singler, SF,82,74,28.0,8.8,1.3,2.7,4.0,0.9,0.70,0.45,1.2,2.6,0.8,10.0,3.4,7.8,.428,0.9,2.4,.350,1.2,1.5,0.81,2.5,5.4,.464,1.121,0.48
det,Tayshaun Prince, SF†,45,45,32.4,11.7,1.0,3.7,4.6,2.5,0.47,0.29,1.2,1.0,2.1,12.6,4.8,10.8,.444,0.5,1.2,.434,1.6,2.1,0.80,4.3,9.6,.445,1.089,0.47
det,Rodney Stuckey, PG,76,24,28.6,11.5,0.6,2.2,2.8,3.6,0.67,0.22,1.8,1.7,2.0,13.0,4.0,9.8,.406,0.7,2.4,.302,2.8,3.6,0.78,3.3,7.4,.440,1.171,0.44
det,Kim English, SG,41,0,9.9,2.9,0.2,0.7,0.9,0.6,0.39,0.07,0.5,1.1,1.4,8.0,1.0,2.7,.375,0.3,1.2,.280,0.5,0.7,0.72,0.7,1.5,.452,1.063,0.44
det,Charlie Villanueva, PF,69,0,15.8,6.8,0.7,2.8,3.5,0.8,0.45,0.57,0.6,1.4,1.4,14.1,2.5,6.7,.377,1.3,3.8,.347,0.4,0.7,0.55,1.2,2.9,.415,1.006,0.47
det,Will Bynum, PG,65,0,18.8,9.8,0.4,1.1,1.5,3.6,0.69,0.08,1.9,2.0,1.8,16.6,3.9,8.3,.469,0.4,1.2,.316,1.6,2.0,0.81,3.5,7.1,.494,1.178,0.49
det,Jason Maxiell, PF,72,71,24.8,6.9,1.9,3.8,5.7,0.8,0.44,1.32,1.1,2.4,0.7,11.3,2.8,6.3,.446,0.0,0.0,.000,1.3,2.0,0.62,2.8,6.3,.446,1.090,0.45
det,Jose Calderon, PG†,28,28,31.7,11.6,0.2,2.3,2.5,6.6,1.07,0.07,1.8,1.5,3.6,18.2,4.5,8.5,.527,1.8,3.5,.520,0.9,1.0,0.89,2.7,5.0,.532,1.376,0.64
det,Corey Maggette, SF,18,0,14.3,5.3,0.3,1.1,1.4,1.1,0.33,0.11,0.9,2.3,1.1,7.9,1.5,4.2,.355,0.3,1.2,.238,2.0,2.7,0.75,1.2,3.0,.400,1.250,0.39
ind,Lance Stephenson, SG,78,72,29.2,8.8,0.6,3.3,3.9,2.9,1.04,0.21,1.4,2.1,2.0,11.8,3.5,7.7,.460,0.8,2.4,.330,1.0,1.5,0.65,2.7,5.3,.520,1.149,0.51
ind,Tyler Hansbrough, PF,81,8,16.9,7.0,2.0,2.6,4.6,0.4,0.36,0.22,1.0,1.9,0.5,15.3,2.2,5.0,.432,0.0,0.0,.000,2.7,3.7,0.72,2.2,5.0,.436,1.396,0.43
ind,Ben Hansbrough, PG,28,0,7.1,2.0,0.1,0.6,0.6,0.8,0.25,0.07,0.6,0.8,1.2,7.2,0.5,1.6,.333,0.2,0.8,.261,0.8,1.0,0.78,0.3,0.8,.409,1.267,0.40
ind,David West, PF,73,73,33.4,17.1,2.0,5.7,7.7,2.9,1.01,0.95,2.2,2.0,1.4,20.1,6.9,13.8,.498,0.1,0.3,.211,3.3,4.3,0.77,6.8,13.5,.503,1.239,0.50
ind,Dominic McGuire, PF†,2,1,6.0,0.0,0.5,0.5,1.0,0.5,0.00,0.00,0.0,0.0,0.0,-5.9,0.0,1.5,.000,0.0,0.0,.000,0.0,1.0,0.00,0.0,1.5,.000,.000,0.00
ind,Sam Young, SF,56,3,12.4,2.8,0.5,1.7,2.2,0.8,0.27,0.14,0.6,1.1,1.3,7.5,1.0,2.6,.392,0.3,0.9,.308,0.4,0.8,0.53,0.7,1.7,.438,1.047,0.45
ind,Jeff Ayres, PF,37,0,10.0,3.9,0.8,2.0,2.8,0.4,0.16,0.32,0.6,1.2,0.7,14.6,1.6,3.4,.484,0.1,0.1,.500,0.6,0.6,0.91,1.5,3.3,.484,1.151,0.49
ind,Paul George, SF,79,79,37.6,17.4,1.1,6.5,7.6,4.1,1.81,0.65,2.9,2.9,1.4,16.8,6.2,14.9,.419,2.2,5.9,.362,2.8,3.5,0.81,4.0,9.0,.457,1.171,0.49
ind,Gerald Green, SG,60,7,18.0,7.0,0.5,1.8,2.4,0.8,0.32,0.38,0.9,1.1,0.9,9.9,2.6,7.1,.366,1.0,3.1,.314,0.9,1.1,0.80,1.6,4.0,.407,.993,0.44
ind,Roy Hibbert, C,79,79,28.7,11.9,3.7,4.6,8.3,1.4,0.49,2.61,2.1,3.5,0.7,17.3,4.9,10.9,.448,0.0,0.1,.250,2.1,2.8,0.74,4.9,10.8,.449,1.091,0.45
ind,Danny Granger, SF,5,0,14.8,5.4,0.6,1.2,1.8,0.6,0.40,0.20,0.8,1.2,0.8,4.0,2.0,7.0,.286,0.4,2.0,.200,1.0,1.6,0.63,1.6,5.0,.320,.771,0.31
ind,D.J. Augustin, PG,76,5,16.1,4.7,0.3,0.9,1.2,2.2,0.45,0.04,0.9,0.8,2.5,11.0,1.4,3.9,.350,0.9,2.5,.353,1.1,1.3,0.84,0.5,1.4,.346,1.211,0.46
ind,Orlando Johnson, SG,51,0,12.1,4.0,0.4,1.8,2.2,0.9,0.22,0.18,0.6,1.0,1.6,11.4,1.4,3.5,.400,0.7,1.8,.383,0.5,0.6,0.72,0.7,1.7,.419,1.128,0.50
ind,George Hill, PG,76,76,34.5,14.2,0.6,3.1,3.7,4.7,1.07,0.34,1.5,1.8,3.1,16.6,5.1,11.5,.443,1.7,4.6,.368,2.3,2.8,0.82,3.4,6.9,.494,1.235,0.52
ind,Ian Mahinmi, C,80,2,16.5,5.0,1.4,2.5,3.9,0.3,0.49,0.83,1.2,2.5,0.3,10.6,1.9,4.1,.453,0.0,0.0,.000,1.3,2.1,0.61,1.9,4.1,.456,1.222,0.45
ind,Miles Plumlee, C,14,0,3.9,0.9,0.9,0.7,1.6,0.1,0.00,0.21,0.2,0.4,0.7,8.8,0.4,1.5,.238,0.0,0.0,.000,0.2,0.3,0.75,0.4,1.5,.238,.619,0.24
mil,Tobias Harris, SF†,28,14,11.6,4.9,0.6,1.4,2.0,0.5,0.29,0.25,0.6,1.1,0.7,13.1,1.9,4.1,.461,0.3,0.8,.333,0.8,0.9,0.88,1.6,3.3,.489,1.183,0.49
mil,Luc Richard Mbah a Moute, PF,58,45,22.9,6.7,1.5,2.9,4.4,0.9,0.72,0.24,1.2,1.4,0.8,9.1,2.6,6.5,.401,0.2,0.6,.351,1.2,2.2,0.57,2.4,5.9,.406,1.027,0.42
mil,Brandon Jennings, PG,80,80,36.2,17.5,0.7,2.3,3.1,6.5,1.56,0.13,2.5,1.9,2.6,16.2,6.2,15.6,.399,2.2,5.8,.375,2.9,3.5,0.82,4.0,9.8,.412,1.120,0.47
mil,John Henson, C,63,9,13.1,6.0,1.8,2.9,4.7,0.5,0.30,0.67,0.7,1.3,0.7,18.3,2.6,5.3,.482,0.0,0.0,.000,0.9,1.7,0.53,2.6,5.3,.486,1.131,0.48
mil,Samuel Dalembert, C,47,23,16.3,6.7,2.2,3.6,5.9,0.4,0.36,1.13,1.1,1.9,0.4,18.6,2.9,5.4,.542,0.0,0.0,1.000,0.8,1.2,0.69,2.9,5.4,.540,1.237,0.54
mil,Joel Przybilla, C,12,1,5.7,0.2,0.4,1.3,1.8,0.3,0.08,0.17,0.3,0.8,1.0,3.3,0.1,0.3,.250,0.0,0.0,.000,0.0,0.2,0.00,0.1,0.3,.250,.500,0.25
mil,Ekpe Udoh, PF,76,9,17.3,4.3,1.5,1.8,3.3,0.6,0.51,1.12,0.6,1.8,1.0,12.0,1.5,3.5,.435,0.0,0.0,.000,1.2,1.6,0.75,1.5,3.5,.437,1.201,0.43
mil,Monta Ellis, SG,82,82,37.5,19.2,0.5,3.3,3.9,6.0,2.06,0.44,3.1,2.0,2.0,16.3,7.3,17.5,.416,1.1,4.0,.287,3.5,4.6,0.77,6.2,13.5,.454,1.098,0.45
mil,Marquis Daniels, SG,59,33,18.4,5.5,0.8,1.7,2.5,1.1,0.86,0.17,0.8,1.3,1.4,9.2,2.2,5.9,.376,0.3,1.2,.278,0.7,0.9,0.74,1.9,4.7,.401,.923,0.40
mil,Ersan Ilyasova, PF,73,54,27.6,13.2,2.1,5.0,7.1,1.6,0.93,0.49,1.0,2.5,1.6,18.4,5.1,11.0,.462,1.3,2.9,.444,1.7,2.2,0.80,3.8,8.1,.469,1.198,0.52
mil,Beno Udrih, PG†,39,0,18.4,6.7,0.4,1.6,2.0,3.5,0.41,0.05,1.4,1.0,2.6,13.7,2.9,6.1,.475,0.3,1.3,.265,0.6,0.8,0.73,2.6,4.8,.529,1.105,0.50
mil,Drew Gooden, PF,16,0,9.4,3.3,0.8,1.1,1.9,0.4,0.31,0.38,0.6,1.3,0.7,7.7,1.3,3.8,.328,0.1,0.3,.200,0.7,1.0,0.69,1.2,3.5,.339,.852,0.34
mil,Ish Smith, PG†,16,0,8.6,2.4,0.1,0.9,0.9,1.9,0.50,0.19,0.6,0.8,3.0,12.1,1.1,2.7,.395,0.3,0.6,.400,0.0,0.0,0.00,0.8,2.1,.394,.884,0.44
mil,Mike Dunleavy, SF,75,3,25.9,10.5,0.4,3.5,3.9,1.9,0.52,0.47,1.2,1.8,1.6,13.6,3.7,8.3,.442,1.7,4.0,.428,1.4,1.7,0.82,2.0,4.3,.455,1.258,0.54
mil,Gustavo Ayon, PF†,12,0,13.6,4.3,1.7,3.3,4.9,1.0,0.75,0.33,0.8,2.0,1.3,16.7,2.1,3.5,.595,0.0,0.0,.000,0.1,1.0,0.08,2.1,3.5,.595,1.214,0.60
mil,Doron Lamb, SG†,23,0,12.2,3.4,0.1,0.6,0.7,0.9,0.30,0.00,0.7,1.2,1.3,3.1,1.4,4.1,.347,0.2,0.7,.250,0.3,0.7,0.53,1.2,3.4,.367,.821,0.37
mil,Larry Sanders, C,71,55,27.3,9.8,3.2,6.3,9.5,1.2,0.75,2.83,1.2,3.3,1.0,18.8,4.3,8.5,.506,0.0,0.0,.000,1.2,1.9,0.62,4.3,8.5,.507,1.150,0.51
mil,J.J. Redick, SG†,28,2,28.7,12.3,0.3,1.6,1.9,2.7,0.32,0.14,1.2,1.7,2.3,12.0,4.3,10.6,.403,1.7,5.4,.318,2.0,2.2,0.92,2.6,5.2,.490,1.154,0.48
dal,Josh Akognon, PG,3,0,3.0,1.7,0.0,0.3,0.3,0.3,0.00,0.00,0.0,1.0,0.0,15.4,0.7,1.3,.500,0.3,0.7,.500,0.0,0.0,0.00,0.4,0.6,.500,1.250,0.63
dal,Bernard James, C,46,11,9.9,2.8,1.1,1.7,2.8,0.1,0.26,0.83,0.4,1.4,0.3,14.7,1.2,2.2,.515,0.0,0.0,.000,0.5,0.9,0.61,1.2,2.2,.525,1.272,0.51
dal,Troy Murphy, PF,14,1,18.3,4.6,0.5,3.0,3.5,0.5,0.71,0.43,0.5,2.1,1.0,9.1,1.6,4.4,.361,0.8,2.5,.314,0.7,0.8,0.91,0.8,1.9,.423,1.066,0.45
dal,Chris Douglas-Roberts, SG,6,0,10.5,2.8,0.0,0.8,0.8,0.7,0.33,0.00,0.2,0.7,4.0,8.3,0.8,2.3,.357,0.0,0.7,.000,1.2,1.7,0.70,0.8,1.6,.500,1.214,0.36
dal,Elton Brand, PF,72,18,21.2,7.2,1.8,4.2,6.0,1.0,0.69,1.25,0.8,2.7,1.2,15.2,3.1,6.6,.473,0.0,0.0,.000,0.9,1.3,0.71,3.1,6.6,.474,1.084,0.47
dal,Mike James, PG,45,23,19.2,6.1,0.2,1.4,1.6,3.1,0.58,0.07,1.2,2.1,2.5,9.6,2.2,6.0,.373,1.1,2.8,.384,0.5,0.6,0.79,1.1,3.2,.363,1.007,0.46
dal,O.J. Mayo, SG,82,82,35.5,15.3,0.4,3.1,3.5,4.4,1.13,0.28,2.6,2.4,1.7,14.0,5.6,12.5,.449,1.7,4.3,.407,2.3,2.8,0.82,3.9,8.2,.471,1.223,0.52
dal,Dirk Nowitzki, PF,53,47,31.3,17.3,0.7,6.2,6.8,2.5,0.72,0.70,1.3,1.8,1.9,19.9,6.5,13.7,.471,1.2,3.0,.414,3.1,3.6,0.86,5.3,10.7,.487,1.260,0.52
dal,Shawn Marion, SF,67,67,30.0,12.1,2.2,5.7,7.8,2.4,1.12,0.70,1.5,1.7,1.6,18.0,5.3,10.3,.514,0.3,1.1,.315,1.2,1.5,0.78,5.0,9.2,.538,1.177,0.53
dal,Brandan Wright, PF,64,16,18.0,8.5,1.3,2.7,4.1,0.6,0.41,1.19,0.5,1.2,1.1,21.0,3.8,6.3,.597,0.0,0.0,.000,0.9,1.5,0.61,3.8,6.3,.601,1.339,0.60
dal,Darren Collison, PG,81,47,29.3,12.0,0.4,2.3,2.7,5.1,1.23,0.10,2.1,1.7,2.4,16.4,4.2,8.9,.471,0.6,1.7,.353,3.0,3.4,0.88,3.6,7.2,.498,1.343,0.50
dal,Chris Wright, PG,3,0,1.3,0.7,0.0,0.0,0.0,0.0,0.00,0.00,0.3,0.0,0.0,-1.8,0.3,0.7,.500,0.0,0.0,.000,0.0,0.0,0.00,0.3,0.7,.500,1.000,0.50
dal,Justin Dentmon, PG,2,0,2.0,0.0,0.0,0.0,0.0,0.0,0.00,0.00,0.0,0.0,0.0,-19.3,0.0,1.0,.000,0.0,0.0,.000,0.0,0.0,0.00,0.0,1.0,.000,.000,0.00
dal,Anthony Morrow, SG†,17,0,4.8,2.3,0.1,0.2,0.2,0.2,0.06,0.00,0.2,0.6,1.0,10.9,1.0,2.0,.500,0.1,0.3,.200,0.2,0.2,1.00,0.9,1.7,.552,1.147,0.51
dal,Dominique Jones, SG,29,3,11.7,4.0,0.6,0.9,1.6,2.9,0.48,0.07,1.3,1.0,2.2,12.5,1.4,3.8,.367,0.0,0.3,.111,1.2,1.8,0.66,1.4,3.5,.390,1.064,0.37
dal,Chris Kaman, C,66,52,20.7,10.5,1.5,4.2,5.6,0.8,0.44,0.79,1.6,2.1,0.5,16.3,4.7,9.3,.507,0.0,0.0,.000,1.0,1.3,0.79,4.7,9.3,.508,1.123,0.51
dal,Rodrigue Beaubois, PG,45,0,12.2,4.0,0.2,1.1,1.3,1.9,0.42,0.09,0.7,1.2,2.5,10.6,1.4,3.9,.369,0.5,1.6,.292,0.7,0.8,0.79,0.9,2.3,.423,1.028,0.43
dal,Vince Carter, SG,81,3,25.8,13.4,0.7,3.4,4.1,2.4,0.91,0.54,1.3,2.8,1.8,17.9,4.6,10.6,.435,2.0,4.9,.406,2.2,2.8,0.82,2.6,5.7,.461,1.273,0.53
dal,Jae Crowder, SF,78,16,17.3,5.0,0.4,1.9,2.4,1.2,0.81,0.22,0.6,1.6,1.9,10.2,1.8,4.7,.384,0.8,2.5,.328,0.6,0.9,0.64,1.0,2.2,.446,1.068,0.47
dal,Jared Cunningham, SG,8,0,3.3,2.0,0.1,0.3,0.4,0.1,0.13,0.00,0.3,0.4,0.5,14.9,0.8,1.8,.429,0.3,0.4,.667,0.3,0.3,1.00,0.5,1.4,.364,1.143,0.50
dal,Eddy Curry, C,2,0,12.5,4.5,1.0,1.0,2.0,0.0,0.00,0.00,1.5,3.5,0.0,-0.1,2.0,4.0,.500,0.0,0.0,.000,0.5,2.0,0.25,2.0,4.0,.500,1.125,0.50
dal,Derek Fisher, PG†,9,9,25.4,8.6,0.0,1.7,1.7,3.4,0.56,0.22,2.0,2.7,1.7,8.7,2.6,7.2,.354,1.1,2.6,.435,2.3,2.6,0.91,1.5,4.6,.310,1.185,0.43
dal,Dahntay Jones, SG†,50,15,12.7,3.5,0.3,1.1,1.4,0.6,0.20,0.10,0.4,1.5,1.3,7.0,1.0,2.8,.357,0.2,0.7,.216,1.3,1.6,0.80,0.8,2.1,.408,1.243,0.39
hou,Patrick Beverley, PG,41,0,17.4,5.6,1.1,1.6,2.7,2.9,0.90,0.51,1.1,2.0,2.7,15.4,1.9,4.6,.418,0.9,2.3,.375,0.8,1.0,0.83,1.0,2.3,.462,1.206,0.51
hou,Thomas Robinson, PF†,19,0,13.0,4.5,1.6,2.5,4.1,0.5,0.84,0.26,1.2,1.5,0.4,12.1,1.8,4.1,.449,0.0,0.1,.000,0.8,2.0,0.42,1.8,4.0,.455,1.103,0.45
hou,James Anderson, SG†,29,2,10.6,4.0,0.5,1.5,2.0,1.1,0.41,0.10,0.6,0.6,1.8,14.2,1.4,3.5,.406,0.6,1.7,.327,0.6,0.7,0.89,0.8,1.8,.481,1.139,0.49
hou,Tim Ohlbrecht, PF,3,0,4.0,1.0,0.0,0.3,0.3,0.3,0.33,0.00,1.3,0.3,0.3,-6.1,0.3,1.0,.333,0.0,0.0,.000,0.3,0.3,1.00,0.3,1.0,.333,1.000,0.33
hou,Daequan Cook, SG†,16,1,10.3,3.4,0.3,0.8,1.1,0.6,0.38,0.13,0.4,0.8,1.7,8.8,1.3,3.7,.356,0.7,1.9,.367,0.1,0.2,0.67,0.6,1.8,.345,.932,0.45
hou,Toney Douglas, PG†,49,0,18.6,8.1,0.5,1.4,1.8,1.9,0.82,0.04,1.1,2.1,1.7,12.4,2.8,7.2,.395,1.2,3.3,.377,1.2,1.4,0.88,1.6,3.9,.411,1.134,0.48
hou,Jeremy Lin, PG,82,82,32.2,13.4,0.4,2.6,3.0,6.1,1.63,0.35,2.9,2.5,2.1,14.9,4.8,10.9,.441,1.1,3.1,.339,2.6,3.4,0.79,3.7,7.8,.483,1.221,0.49
hou,Aaron Brooks, PG†,7,0,5.4,1.4,0.1,0.1,0.3,0.9,0.14,0.43,0.6,0.7,1.5,5.6,0.6,1.9,.308,0.3,1.0,.286,0.0,0.0,0.00,0.3,0.9,.333,.769,0.38
hou,Donatas Motiejunas, PF,44,14,12.2,5.7,0.8,1.3,2.1,0.7,0.16,0.23,0.8,1.7,0.8,12.3,2.2,4.8,.455,0.5,1.9,.289,0.7,1.2,0.63,1.7,2.9,.562,1.174,0.51
hou,Patrick Patterson, PF†,47,38,25.9,11.6,1.6,3.1,4.7,1.1,0.38,0.57,0.9,1.9,1.2,15.6,5.0,9.7,.519,0.7,2.0,.365,0.8,1.0,0.76,4.3,7.7,.560,1.196,0.56
hou,Terrence Jones, PF,19,0,14.5,5.5,1.5,1.9,3.4,0.8,0.63,1.00,0.7,1.1,1.2,17.1,2.3,4.9,.457,0.3,1.0,.263,0.7,0.9,0.76,2.0,3.9,.507,1.106,0.48
hou,Chandler Parsons, SF,76,76,36.3,15.5,1.0,4.3,5.3,3.5,0.99,0.42,1.9,1.9,1.8,15.3,6.0,12.4,.486,2.0,5.2,.385,1.5,2.0,0.73,4.0,7.2,.559,1.253,0.57
hou,Carlos Delfino, SG,67,5,25.2,10.6,0.3,3.0,3.3,2.0,1.01,0.13,1.1,1.7,1.9,13.4,3.7,9.3,.405,2.4,6.3,.375,0.7,0.8,0.86,1.3,3.0,.467,1.142,0.53
hou,Marcus Morris, PF†,54,17,21.4,8.6,1.2,2.9,4.1,0.9,0.50,0.30,1.0,2.2,0.9,12.2,3.2,7.4,.428,1.4,3.6,.381,0.9,1.4,0.65,1.8,3.8,.471,1.163,0.52
hou,Francisco Garcia, SG†,18,5,17.7,6.4,0.1,1.2,1.3,1.1,0.78,0.39,0.7,1.2,1.7,12.3,2.3,5.3,.432,1.5,3.9,.386,0.3,0.4,0.86,0.8,1.4,.560,1.211,0.57
hou,Scott Machado, PG†,6,0,3.5,1.3,0.0,0.2,0.2,1.0,0.33,0.00,1.3,0.0,0.8,6.0,0.5,1.0,.500,0.0,0.2,.000,0.3,0.3,1.00,0.5,0.8,.600,1.333,0.50
hou,James Harden, SG,78,78,38.3,25.9,0.8,4.1,4.9,5.8,1.82,0.49,3.8,2.3,1.5,23.0,7.5,17.1,.438,2.3,6.2,.368,8.6,10.2,0.85,5.2,10.9,.477,1.513,0.50
hou,Greg Smith, PF,70,10,15.9,6.0,1.6,3.0,4.6,0.4,0.26,0.57,0.6,2.5,0.6,16.2,2.4,3.9,.620,0.0,0.0,.000,1.2,1.9,0.62,2.4,3.9,.623,1.536,0.62
hou,Omer Asik, C,82,82,30.0,10.1,3.4,8.3,11.7,0.9,0.56,1.06,2.1,2.7,0.4,14.9,4.0,7.5,.541,0.0,0.0,.000,2.0,3.6,0.56,4.0,7.5,.542,1.355,0.54
hou,Cole Aldrich, C†,30,0,7.1,1.7,0.4,1.5,1.9,0.2,0.10,0.30,0.5,1.4,0.4,7.4,0.8,1.4,.535,0.0,0.0,.000,0.1,0.3,0.44,0.8,1.4,.535,1.163,0.53
mem,Mike Conley, PG,80,80,34.5,14.6,0.5,2.3,2.8,6.1,2.18,0.30,2.4,2.1,2.6,18.4,5.2,11.8,.440,1.3,3.7,.361,2.9,3.5,0.83,3.9,8.1,.477,1.243,0.50
mem,Keyon Dooling, PG,7,0,11.7,4.4,0.0,0.1,0.1,1.1,0.14,0.00,0.7,1.1,1.6,11.3,1.4,3.0,.476,0.7,1.7,.417,0.9,1.0,0.86,0.7,1.3,.556,1.476,0.60
mem,Marreese Speights, PF†,40,2,14.5,6.6,1.9,2.8,4.7,0.5,0.25,0.68,0.9,2.2,0.5,16.2,2.7,6.2,.429,0.1,0.1,.400,1.2,1.7,0.72,2.6,6.1,.430,1.061,0.43
mem,Wayne Ellington, SG†,40,4,16.9,5.5,0.1,1.2,1.3,1.1,0.40,0.03,0.6,1.0,1.8,9.9,2.0,5.0,.407,1.0,2.4,.423,0.4,0.4,0.94,1.0,2.6,.392,1.095,0.51
mem,Ed Davis, PF†,36,4,15.1,5.1,1.6,2.9,4.4,0.2,0.36,1.31,0.5,2.2,0.4,17.2,2.1,4.0,.517,0.0,0.0,.000,1.0,1.8,0.57,2.1,4.0,.517,1.294,0.52
mem,Jerryd Bayless, PG,80,4,22.1,8.7,0.3,1.9,2.2,3.3,0.74,0.21,1.5,2.1,2.2,13.5,3.3,7.8,.419,0.9,2.5,.353,1.3,1.5,0.84,2.4,5.3,.450,1.116,0.48
mem,Josh Selby, PG†,10,0,5.9,2.0,0.0,0.5,0.5,0.4,0.20,0.00,0.7,0.7,0.6,0.1,0.6,2.2,.273,0.1,0.6,.167,0.7,1.1,0.64,0.5,1.6,.313,.909,0.30
mem,Tony Allen, SG,79,79,26.7,8.9,1.5,3.1,4.6,1.2,1.51,0.56,1.2,2.7,1.0,13.3,3.6,8.1,.445,0.0,0.3,.125,1.7,2.4,0.72,3.6,7.8,.458,1.105,0.45
mem,Marc Gasol, C,80,80,35.0,14.1,2.3,5.5,7.8,4.0,1.00,1.74,2.0,3.2,2.0,19.6,5.4,10.9,.494,0.0,0.2,.071,3.4,4.0,0.85,5.4,10.7,.501,1.297,0.49
mem,Tony Wroten, SG,35,0,7.8,2.6,0.4,0.4,0.8,1.2,0.23,0.11,0.8,1.0,1.5,9.3,0.9,2.5,.384,0.1,0.5,.250,0.6,0.8,0.72,0.8,2.0,.414,1.058,0.41
mem,Rudy Gay, SF†,42,42,36.7,17.2,1.3,4.6,5.9,2.6,1.33,0.74,2.5,2.1,1.0,14.2,6.7,16.4,.408,1.0,3.1,.310,2.9,3.7,0.78,5.7,13.3,.431,1.051,0.44
mem,Dexter Pittman, C†,7,0,2.9,0.3,0.4,0.3,0.7,0.0,0.00,0.00,0.1,0.6,0.0,-7.6,0.1,0.9,.167,0.0,0.0,.000,0.0,0.4,0.00,0.1,0.9,.167,.333,0.17
mem,Tayshaun Prince, SF†,37,36,31.7,8.8,0.8,3.4,4.2,2.3,0.73,0.32,0.9,1.1,2.4,10.2,3.9,9.1,.429,0.4,1.1,.366,0.6,1.0,0.59,3.5,8.0,.437,.967,0.45
mem,Austin Daye, SF†,31,0,10.6,4.0,0.2,1.7,1.9,0.7,0.29,0.45,0.5,1.3,1.3,13.3,1.5,3.6,.423,0.6,1.9,.345,0.4,0.5,0.69,0.9,1.7,.509,1.126,0.51
mem,Quincy Pondexter, SG,59,1,21.1,6.4,0.7,1.5,2.2,1.0,0.59,0.10,0.7,1.6,1.5,11.0,2.2,5.1,.428,1.0,2.6,.395,1.0,1.3,0.79,1.2,2.5,.463,1.254,0.53
mem,Hamed Haddadi, C†,13,0,6.7,1.2,0.8,1.1,1.8,0.3,0.08,0.46,0.3,1.2,1.0,7.5,0.5,1.6,.333,0.0,0.0,.000,0.1,0.2,0.50,0.5,1.6,.333,.714,0.33
mem,Chris Johnson, SF,8,0,12.8,3.6,0.6,0.8,1.4,0.3,0.50,0.00,0.4,0.6,0.7,10.7,1.4,3.1,.440,0.8,2.3,.333,0.1,0.3,0.50,0.6,0.8,.714,1.160,0.56
mem,Darrell Arthur, PF,59,3,16.4,6.1,1.2,1.7,2.9,0.6,0.41,0.56,0.7,2.1,0.8,11.9,2.7,6.1,.451,0.1,0.3,.278,0.6,0.8,0.72,2.6,5.8,.460,1.008,0.46
mem,Zach Randolph, PF,76,75,34.3,15.4,4.1,7.2,11.2,1.4,0.80,0.41,2.0,2.4,0.7,17.9,6.2,13.5,.460,0.0,0.3,.087,3.0,3.9,0.75,6.2,13.2,.469,1.142,0.46
mem,Jon Leuer, PF†,19,0,5.1,1.8,0.4,0.8,1.3,0.2,0.21,0.00,0.2,0.5,1.0,17.2,0.8,1.3,.625,0.0,0.0,.000,0.2,0.4,0.57,0.8,1.3,.625,1.417,0.63
no,Austin Rivers, SG,61,26,23.2,6.2,0.3,1.5,1.8,2.1,0.43,0.15,1.2,2.0,1.7,5.9,2.4,6.4,.372,0.5,1.4,.326,1.0,1.8,0.55,1.9,5.0,.385,.967,0.41
no,Robin Lopez, C,82,82,26.0,11.3,2.8,2.9,5.6,0.8,0.39,1.56,1.3,2.0,0.6,19.0,4.7,8.8,.534,0.0,0.0,.000,2.0,2.5,0.78,4.7,8.8,.534,1.292,0.53
no,Lou Amundson, PF†,18,0,11.6,2.4,1.3,1.9,3.2,0.4,0.50,0.33,0.4,1.5,1.0,11.7,1.0,2.3,.429,0.0,0.0,.000,0.4,0.9,0.50,1.0,2.3,.429,1.048,0.43
no,Dominic McGuire, PF†,9,0,16.1,2.1,0.8,2.3,3.1,1.0,0.89,0.33,0.6,1.4,1.8,9.1,1.0,2.3,.429,0.0,0.0,.000,0.1,0.2,0.50,1.0,2.3,.429,.905,0.43
no,Darius Miller, SF,52,2,13.3,2.3,0.2,1.3,1.5,0.8,0.33,0.23,0.4,1.7,1.9,6.3,0.8,2.1,.407,0.4,1.1,.393,0.2,0.2,1.00,0.4,1.0,.423,1.093,0.51
no,Brian Roberts, PG,78,5,17.0,7.1,0.2,1.0,1.2,2.8,0.47,0.04,0.9,1.4,3.1,14.7,2.7,6.6,.417,0.8,2.0,.386,0.9,1.0,0.91,1.9,4.6,.430,1.086,0.47
no,Henry Sims, C,2,0,2.5,2.0,1.0,0.0,1.0,0.0,0.00,0.00,0.5,0.5,0.0,29.3,1.0,1.5,.667,0.0,0.0,.000,0.0,0.0,0.00,1.0,1.5,.667,1.333,0.67
no,Hakim Warrick, PF†,1,0,7.0,4.0,0.0,0.0,0.0,0.0,1.00,0.00,0.0,0.0,0.0,28.9,1.0,2.0,.500,0.0,0.0,.000,2.0,2.0,1.00,1.0,2.0,.500,2.000,0.50
no,Lance Thomas, SF,59,9,10.9,2.5,0.7,1.2,1.9,0.3,0.19,0.12,0.2,1.3,1.2,10.1,0.9,1.8,.500,0.0,0.0,.000,0.7,1.0,0.73,0.9,1.8,.500,1.406,0.50
no,Terrel Harris, SG†,13,0,8.3,0.4,0.0,1.3,1.3,0.5,0.15,0.23,1.0,1.1,0.5,-6.8,0.2,1.5,.105,0.0,0.5,.000,0.1,0.2,0.50,0.2,1.0,.167,.263,0.11
no,Roger Mason Jr., SG,69,13,17.7,5.3,0.2,1.8,1.9,1.1,0.38,0.16,0.7,1.5,1.5,10.0,1.9,4.4,.433,1.0,2.3,.415,0.6,0.6,0.91,0.9,2.1,.452,1.210,0.54
no,Eric Gordon, SG,42,40,30.1,17.0,0.2,1.6,1.8,3.3,1.07,0.19,2.8,1.8,1.2,15.4,5.6,13.9,.402,1.3,4.1,.324,4.5,5.3,0.84,4.3,9.8,.436,1.221,0.45
no,Xavier Henry, SF,50,2,12.5,3.9,0.4,1.4,1.8,0.3,0.32,0.10,0.6,1.4,0.4,7.6,1.3,3.2,.410,0.1,0.2,.364,1.2,1.8,0.63,1.2,3.0,.413,1.205,0.42
no,Ryan Anderson, PF,81,22,30.9,16.2,2.4,4.0,6.4,1.2,0.52,0.38,1.2,2.2,1.0,18.2,5.8,13.8,.423,2.6,6.9,.382,1.9,2.2,0.84,3.2,6.9,.464,1.174,0.52
no,Greivis Vasquez, PG,78,78,34.4,13.9,0.6,3.8,4.3,9.0,0.85,0.08,3.2,2.4,2.9,16.3,5.6,13.0,.433,1.1,3.1,.342,1.6,2.0,0.81,4.5,9.9,.462,1.070,0.47
no,Anthony Davis, PF,64,60,28.8,13.5,2.6,5.6,8.2,1.0,1.17,1.75,1.4,2.5,0.7,21.8,5.5,10.6,.516,0.0,0.1,.000,2.6,3.5,0.75,5.5,10.5,.521,1.283,0.52
no,Al-Farouq Aminu, SF,76,71,27.2,7.3,1.8,5.9,7.7,1.4,1.21,0.67,1.5,2.0,0.9,13.7,3.0,6.2,.475,0.1,0.3,.211,1.3,1.8,0.74,2.9,5.9,.486,1.171,0.48
no,Jason Smith, C,51,0,17.2,8.2,1.3,2.4,3.6,0.7,0.29,0.88,1.1,2.4,0.6,16.8,3.3,6.7,.490,0.0,0.1,.000,1.7,2.0,0.84,3.3,6.6,.496,1.232,0.49
no,Donald Sloan, PG†,3,0,2.0,0.0,0.0,0.0,0.0,0.3,0.00,0.00,0.3,0.0,1.0,-3.3,0.0,0.0,.000,0.0,0.0,.000,0.0,0.0,0.00,0.0,0.0,.000,.000,0.00
sa,Tiago Splitter, PF,81,58,24.7,10.3,1.8,4.6,6.4,1.6,0.78,0.79,1.2,2.0,1.3,18.7,3.9,7.0,.560,0.0,0.0,.000,2.6,3.5,0.73,3.9,7.0,.561,1.488,0.56
sa,Manu Ginobili, SG,60,0,23.2,11.8,0.5,2.9,3.4,4.6,1.33,0.22,2.2,1.9,2.1,19.0,3.8,9.0,.425,1.4,3.9,.353,2.7,3.4,0.80,2.4,5.1,.480,1.308,0.50
sa,James Anderson, SG†,10,0,9.4,3.4,0.3,1.1,1.4,0.9,0.30,0.20,0.7,0.7,1.3,13.0,1.1,2.5,.440,0.5,1.1,.455,0.7,0.9,0.78,0.6,1.4,.429,1.360,0.54
sa,Boris Diaw, PF,75,20,22.8,5.8,0.9,2.5,3.4,2.4,0.69,0.36,1.1,1.9,2.1,12.0,2.4,4.4,.539,0.4,1.0,.385,0.6,0.9,0.72,2.0,3.4,.587,1.310,0.58
sa,Gary Neal, SG,68,17,21.8,9.5,0.2,1.9,2.1,1.9,0.44,0.03,1.0,1.4,1.9,11.6,3.6,8.8,.412,1.3,3.7,.355,0.9,1.1,0.86,2.3,5.1,.454,1.080,0.49
sa,Tim Duncan, PF,69,69,30.1,17.8,1.8,8.1,9.9,2.7,0.72,2.65,2.1,1.7,1.3,24.5,7.1,14.1,.502,0.0,0.1,.286,3.6,4.3,0.82,7.1,14.0,.504,1.257,0.50
sa,Aron Baynes, PF,16,0,8.8,2.7,0.8,1.3,2.0,0.3,0.06,0.38,0.7,1.4,0.5,8.8,1.1,2.3,.500,0.0,0.1,.000,0.4,0.8,0.58,1.1,2.2,.514,1.194,0.50
sa,Patty Mills, PG,58,2,11.3,5.1,0.2,0.7,0.9,1.1,0.45,0.07,0.7,0.9,1.6,14.2,1.9,4.2,.469,0.9,2.2,.400,0.3,0.3,0.84,1.0,2.0,.550,1.220,0.58
sa,Matt Bonner, PF,68,4,13.4,4.2,0.4,1.5,1.9,0.5,0.25,0.28,0.2,1.3,2.3,11.9,1.6,3.4,.487,0.8,1.8,.442,0.2,0.2,0.73,0.8,1.6,.536,1.252,0.60
sa,Stephen Jackson, SF,55,6,19.5,6.2,0.4,2.4,2.8,1.5,0.67,0.25,1.4,1.6,1.0,8.1,2.2,6.0,.373,0.8,3.1,.271,0.9,1.3,0.70,1.4,2.9,.481,1.033,0.44
sa,Tony Parker, PG,66,66,32.9,20.3,0.3,2.7,3.0,7.6,0.82,0.09,2.6,1.4,2.9,23.1,7.9,15.1,.522,0.4,1.0,.353,4.2,5.0,0.85,7.5,14.1,.534,1.348,0.53
sa,Cory Joseph, PG,28,9,13.9,4.5,0.4,1.4,1.9,1.9,0.54,0.14,0.8,0.9,2.5,13.5,1.8,3.9,.464,0.2,0.8,.286,0.6,0.8,0.86,1.6,3.1,.506,1.145,0.49
sa,DeJuan Blair, C,61,16,14.0,5.4,1.1,2.7,3.8,0.7,0.61,0.16,0.8,1.8,0.9,14.7,2.3,4.4,.524,0.0,0.0,.000,0.7,1.1,0.63,2.3,4.4,.526,1.210,0.52
sa,Danny Green, SG,80,80,27.5,10.5,0.5,2.6,3.1,1.8,1.15,0.68,1.2,1.6,1.5,14.2,3.7,8.3,.448,2.2,5.2,.429,0.8,1.0,0.85,1.5,3.1,.480,1.264,0.58
sa,Nando de Colo, PG,72,6,12.8,3.8,0.3,1.6,1.9,1.9,0.57,0.08,1.1,1.2,1.7,11.2,1.5,3.3,.436,0.4,1.1,.378,0.5,0.6,0.80,1.1,2.2,.465,1.145,0.50
sa,Kawhi Leonard, SF,58,57,31.2,11.9,1.1,4.9,6.0,1.6,1.67,0.55,1.1,1.7,1.5,16.5,4.5,9.1,.494,1.1,3.0,.374,1.8,2.2,0.83,3.4,6.1,.554,1.310,0.56
atl,Jeff Teague, PG,80,78,32.9,14.6,0.3,1.9,2.3,7.2,1.46,0.35,2.9,2.3,2.5,16.8,5.5,12.2,.451,1.1,3.1,.359,2.5,2.8,0.88,4.4,9.1,.482,1.197,0.50
atl,Jeremy Tyler, PF†,1,0,5.0,0.0,0.0,3.0,3.0,0.0,0.00,0.00,0.0,0.0,0.0,8.5,0.0,0.0,.000,0.0,0.0,.000,0.0,0.0,0.00,0.0,0.0,.000,.000,0.00
atl,Mike Scott, PF,40,1,9.4,4.6,1.0,1.8,2.8,0.3,0.10,0.05,0.5,0.8,0.6,16.3,1.8,3.7,.476,0.0,0.0,.000,1.1,1.4,0.77,1.8,3.7,.479,1.245,0.48
atl,Zaza Pachulia, C,52,15,21.8,5.9,2.5,3.9,6.5,1.5,0.67,0.23,1.3,2.5,1.1,13.1,2.2,4.6,.473,0.0,0.1,.000,1.5,2.0,0.76,2.2,4.5,.479,1.270,0.47
atl,Anthony Tolliver, PF,62,11,15.5,4.1,0.5,2.0,2.5,0.5,0.24,0.19,0.6,1.1,0.9,8.4,1.3,3.5,.380,0.7,2.1,.338,0.7,0.8,0.86,0.6,1.4,.446,1.171,0.48
atl,Anthony Morrow, SG†,24,1,12.5,5.2,0.4,0.7,1.1,0.4,0.50,0.04,0.2,1.4,2.3,12.4,2.0,4.6,.423,0.6,1.6,.395,0.7,0.8,0.89,1.4,3.0,.438,1.126,0.49
atl,Jannero Pargo, PG†,7,0,16.1,5.0,0.1,0.9,1.0,2.7,0.43,0.00,0.7,1.1,3.8,9.7,1.9,5.4,.342,1.0,2.9,.350,0.3,0.3,1.00,0.9,2.5,.333,.921,0.43
atl,Ivan Johnson, PF,69,5,15.0,6.6,1.1,2.8,3.9,0.7,0.81,0.20,1.0,1.9,0.6,15.8,2.7,5.2,.520,0.0,0.2,.077,1.2,1.9,0.62,2.7,5.0,.536,1.270,0.52
atl,Devin Harris, PG,58,34,24.5,9.9,0.1,1.9,2.0,3.4,1.10,0.22,1.5,1.8,2.2,14.7,3.3,7.6,.438,1.3,4.0,.335,1.9,2.7,0.73,2.0,3.6,.549,1.302,0.52
atl,John Jenkins, SG,61,2,14.8,6.1,0.3,1.3,1.5,0.9,0.20,0.16,0.7,0.6,1.4,13.1,2.1,4.8,.446,0.9,2.3,.384,1.0,1.1,0.84,1.2,2.5,.500,1.272,0.54
atl,Josh Smith, SF,76,76,35.3,17.5,1.8,6.7,8.4,4.2,1.24,1.79,3.0,2.3,1.4,17.8,7.2,15.6,.465,0.8,2.6,.303,2.2,4.2,0.52,6.4,13.0,.498,1.123,0.49
atl,Shelvin Mack, PG†,20,1,13.4,5.2,0.0,1.2,1.2,2.2,0.45,0.00,1.2,1.4,1.8,12.3,2.1,4.2,.488,0.7,1.8,.400,0.4,0.7,0.57,1.4,2.4,.551,1.238,0.57
atl,Louis Williams, SG,39,9,28.7,14.1,0.2,1.8,2.1,3.6,1.13,0.26,1.9,1.4,1.9,16.0,4.8,11.4,.422,1.8,5.0,.367,2.7,3.1,0.87,3.0,6.4,.466,1.244,0.50
atl,Kyle Korver, SG,74,60,30.5,10.9,0.3,3.6,4.0,2.0,0.95,0.50,0.9,2.3,2.1,13.9,3.7,8.1,.461,2.6,5.6,.457,0.9,1.1,0.86,1.1,2.5,.471,1.348,0.62
atl,DeShawn Stevenson, SG,56,31,20.7,5.1,0.3,1.9,2.2,0.9,0.52,0.11,0.4,1.2,2.3,8.1,1.8,4.7,.374,1.4,3.7,.364,0.2,0.4,0.52,0.4,1.0,.415,1.084,0.52
atl,Johan Petro, C,31,8,11.4,3.5,1.1,2.5,3.6,0.5,0.32,0.29,0.8,1.5,0.7,11.0,1.5,3.5,.436,0.0,0.1,.250,0.4,0.4,0.92,1.5,3.4,.443,.982,0.44
atl,Dahntay Jones, SG†,28,4,13.6,3.1,0.4,0.7,1.1,0.7,0.43,0.04,0.6,1.6,1.3,5.5,1.1,2.9,.390,0.1,0.4,.250,0.8,1.1,0.68,1.0,2.5,.414,1.073,0.41
atl,Al Horford, C,74,74,37.2,17.4,2.6,7.6,10.2,3.2,1.05,1.05,2.0,2.2,1.6,19.8,7.8,14.3,.543,0.0,0.1,.500,1.8,2.8,0.64,7.8,14.2,.544,1.216,0.54
cha,Josh McRoberts, PF†,26,19,30.8,9.3,2.0,5.2,7.2,2.7,0.85,0.58,1.5,2.5,1.9,14.8,3.7,7.3,.505,0.3,1.1,.241,1.7,2.1,0.78,3.4,6.2,.553,1.274,0.52
cha,Brendan Haywood, C,61,17,19.0,3.5,2.0,2.7,4.8,0.5,0.26,0.80,0.8,2.0,0.6,8.8,1.5,3.5,.431,0.0,0.0,.000,0.5,1.1,0.45,1.5,3.5,.433,1.000,0.43
cha,Cory Higgins, PG,6,0,5.3,2.3,0.2,0.3,0.5,0.8,0.50,0.00,0.0,0.8,0.0,12.7,1.0,3.2,.316,0.2,0.8,.200,0.2,0.3,0.50,0.8,2.4,.357,.737,0.34
cha,Bismack Biyombo, C,80,65,27.3,4.8,2.4,4.9,7.3,0.4,0.35,1.79,1.0,2.4,0.4,10.1,2.0,4.3,.451,0.0,0.0,.000,0.9,1.8,0.52,2.0,4.3,.451,1.116,0.45
cha,Byron Mullens, C,53,41,26.9,10.6,1.3,5.0,6.4,1.5,0.64,0.60,1.4,2.1,1.1,12.3,4.1,10.6,.385,1.2,3.9,.317,1.2,1.9,0.65,2.9,6.7,.425,1.002,0.44
cha,Reggie Williams, SG,40,0,9.5,3.7,0.2,1.1,1.3,1.0,0.30,0.03,0.5,0.5,2.1,13.2,1.4,3.3,.432,0.6,1.8,.306,0.3,0.5,0.48,0.8,1.5,.583,1.106,0.52
cha,Gerald Henderson, SG,68,58,31.4,15.5,0.8,2.9,3.7,2.6,1.00,0.50,1.6,2.2,1.6,16.5,5.6,12.6,.447,0.5,1.5,.330,3.8,4.6,0.82,5.1,11.1,.462,1.234,0.47
cha,Jeff Adrien, SF,52,5,13.7,4.0,1.3,2.5,3.8,0.7,0.35,0.52,0.6,1.5,1.1,13.4,1.4,3.2,.429,0.0,0.0,.000,1.3,1.9,0.65,1.4,3.2,.434,1.244,0.43
cha,Ben Gordon, SG,75,0,20.8,11.2,0.2,1.5,1.7,1.9,0.47,0.21,1.8,1.8,1.0,12.7,4.1,10.1,.408,1.5,3.9,.387,1.4,1.7,0.84,2.6,6.2,.421,1.105,0.48
cha,Kemba Walker, PG,82,82,34.9,17.7,0.7,2.7,3.5,5.7,1.95,0.38,2.4,1.9,2.4,18.9,6.4,15.2,.423,1.3,4.0,.322,3.6,4.5,0.80,5.1,11.2,.459,1.170,0.47
cha,Michael Kidd-Gilchrist, SF,78,77,26.0,9.0,1.7,4.2,5.8,1.5,0.69,0.90,1.3,2.1,1.2,14.0,3.6,7.9,.458,0.0,0.1,.222,1.8,2.4,0.75,3.6,7.8,.462,1.148,0.46
cha,Jannero Pargo, PG†,18,0,16.2,8.4,0.5,0.7,1.2,1.9,0.83,0.11,1.6,1.4,1.2,14.2,3.2,7.9,.401,1.6,4.2,.382,0.4,0.5,0.89,1.6,3.7,.424,1.063,0.50
cha,Hakim Warrick, PF†,27,14,17.9,7.0,0.8,2.5,3.3,0.9,0.44,0.22,1.1,1.4,0.9,11.3,2.4,6.0,.405,0.0,0.1,.000,2.1,3.2,0.67,2.4,5.9,.413,1.166,0.40
cha,Tyrus Thomas, PF,26,2,13.8,4.8,0.6,1.7,2.3,0.7,0.54,0.58,0.7,2.0,1.1,9.6,1.8,5.2,.353,0.1,0.3,.375,1.0,1.2,0.84,1.7,4.9,.352,.919,0.36
cha,Ramon Sessions, PG,61,0,27.1,14.4,0.4,2.3,2.8,3.8,0.79,0.11,1.7,1.5,2.2,17.8,4.5,11.1,.408,0.5,1.8,.308,4.8,5.7,0.84,4.0,9.3,.427,1.296,0.43
cha,DeSagana Diop, C,22,1,10.3,0.7,0.5,1.9,2.3,0.6,0.23,0.73,0.4,0.9,1.6,6.6,0.4,1.2,.296,0.0,0.0,.000,0.0,0.0,0.00,0.4,1.2,.308,.593,0.30
cha,Jeff Taylor, SF,77,29,19.6,6.1,0.7,1.3,1.9,0.8,0.61,0.19,0.6,1.8,1.3,10.3,2.2,5.2,.431,0.7,2.0,.344,1.0,1.3,0.73,1.5,3.2,.486,1.183,0.50
cha,Matt Carroll, SG†,1,0,6.0,0.0,0.0,0.0,0.0,1.0,0.00,0.00,0.0,1.0,0.0,2.9,0.0,0.0,.000,0.0,0.0,.000,0.0,0.0,0.00,0.0,0.0,.000,.000,0.00
mia,Dexter Pittman, C†,4,0,3.0,1.5,1.0,0.8,1.8,0.0,0.00,0.00,0.5,1.0,0.0,17.1,0.8,1.3,.600,0.0,0.0,.000,0.0,0.0,0.00,0.8,1.3,.600,1.200,0.60
mia,Jarvis Varnado, PF†,8,0,5.0,0.3,0.1,0.6,0.8,0.3,0.00,0.25,0.6,1.1,0.4,-4.0,0.1,0.4,.333,0.0,0.0,.000,0.0,0.0,0.00,0.1,0.4,.333,.667,0.33
mia,Chris Andersen, PF,42,0,14.9,4.9,1.4,2.7,4.1,0.4,0.38,1.05,0.6,2.1,0.7,17.4,1.7,2.9,.577,0.0,0.1,.667,1.5,2.2,0.68,1.7,2.8,.575,1.683,0.59
mia,LeBron James, SF,76,76,37.9,26.8,1.3,6.8,8.0,7.3,1.70,0.88,3.0,1.4,2.4,31.7,10.1,17.8,.565,1.4,3.3,.406,5.3,7.0,0.75,8.7,14.5,.602,1.504,0.60
mia,Joel Anthony, C,62,3,9.1,1.4,0.7,1.1,1.9,0.2,0.21,0.68,0.4,0.8,0.6,10.4,0.6,1.1,.515,0.0,0.0,.000,0.3,0.5,0.61,0.6,1.1,.515,1.279,0.51
mia,James Jones, SF,38,0,5.8,1.6,0.0,0.6,0.6,0.3,0.05,0.16,0.1,0.4,4.3,8.2,0.6,1.6,.344,0.4,1.4,.302,0.1,0.1,0.50,0.2,0.2,.625,.984,0.48
mia,Shane Battier, SF,72,20,24.8,6.6,0.5,1.8,2.3,1.0,0.57,0.76,0.5,2.1,2.1,10.8,2.1,5.0,.420,1.9,4.4,.430,0.4,0.5,0.84,0.2,0.6,.348,1.304,0.61
mia,Ray Allen, SG,79,0,25.8,10.9,0.5,2.2,2.7,1.7,0.85,0.19,1.3,1.6,1.3,14.7,3.7,8.2,.449,1.8,4.2,.419,1.8,2.0,0.89,1.9,4.0,.480,1.326,0.56
mia,Josh Harrellson, PF,6,0,5.2,1.7,0.5,0.7,1.2,0.0,0.17,0.17,0.5,0.7,0.0,8.6,0.7,1.5,.444,0.2,0.8,.200,0.2,0.3,0.50,0.5,0.7,.750,1.111,0.50
mia,Udonis Haslem, PF,75,59,18.9,3.9,1.3,4.1,5.4,0.5,0.40,0.20,0.6,2.3,0.8,9.9,1.7,3.3,.514,0.0,0.0,.000,0.4,0.6,0.71,1.7,3.3,.514,1.155,0.51
mia,Juwan Howard, PF,7,2,7.3,3.0,0.0,1.1,1.1,0.9,0.00,0.00,0.6,1.3,1.5,10.0,1.4,2.7,.526,0.0,0.0,.000,0.1,0.1,1.00,1.4,2.7,.526,1.105,0.53
mia,Mike Miller, SF,59,17,15.3,4.8,0.3,2.4,2.7,1.7,0.36,0.07,0.6,1.1,2.8,13.5,1.7,3.9,.433,1.2,3.0,.417,0.1,0.2,0.73,0.5,0.9,.482,1.216,0.59
mia,Mario Chalmers, PG,77,77,26.9,8.6,0.2,2.0,2.2,3.5,1.53,0.16,1.5,2.5,2.3,13.3,2.9,6.9,.429,1.6,3.9,.409,1.2,1.5,0.79,1.3,3.0,.456,1.259,0.55
mia,Rashard Lewis, PF,55,9,14.4,5.2,0.3,1.9,2.2,0.5,0.38,0.25,0.6,1.2,0.9,11.1,1.9,4.5,.414,0.9,2.4,.389,0.5,0.8,0.62,1.0,2.1,.441,1.145,0.52
mia,Chris Bosh, C,74,74,33.2,16.6,1.8,5.0,6.8,1.7,0.89,1.36,1.7,2.3,1.0,20.1,6.6,12.3,.535,0.3,1.0,.284,3.3,4.1,0.80,6.3,11.3,.557,1.358,0.55
mia,Norris Cole, PG,80,4,19.9,5.6,0.2,1.4,1.6,2.1,0.71,0.09,1.3,1.9,1.6,7.9,2.2,5.3,.421,0.4,1.2,.357,0.7,1.0,0.65,1.8,4.1,.440,1.047,0.46
mia,Terrel Harris, SG†,7,0,4.1,1.4,0.6,0.7,1.3,0.3,0.00,0.00,0.6,0.4,0.5,7.3,0.3,1.1,.250,0.0,0.1,.000,0.9,1.1,0.75,0.3,1.0,.286,1.250,0.25
mia,Dwyane Wade, SG,69,69,34.7,21.2,1.2,3.7,5.0,5.1,1.86,0.81,2.8,2.0,1.8,24.0,8.2,15.8,.521,0.2,1.0,.258,4.5,6.2,0.72,8.0,14.8,.537,1.339,0.53
orl,Josh McRoberts, PF†,41,3,16.7,3.9,1.0,2.3,3.3,1.7,0.24,0.29,0.7,1.6,2.5,10.2,1.5,3.7,.392,0.4,1.3,.309,0.5,0.7,0.73,1.1,2.4,.439,1.039,0.45
orl,Beno Udrih, PG†,27,9,27.3,10.2,0.6,1.7,2.3,6.1,0.93,0.04,2.0,1.9,3.0,14.9,3.6,8.8,.408,0.8,2.0,.396,2.2,2.6,0.86,2.8,6.8,.411,1.155,0.45
orl,Kyle O'Quinn, PF,57,5,11.2,4.1,1.1,2.5,3.7,0.9,0.19,0.46,0.6,1.9,1.4,15.9,1.8,3.5,.513,0.0,0.0,.000,0.5,0.8,0.67,1.8,3.5,.515,1.178,0.51
orl,Nikola Vucevic, C,77,77,33.2,13.1,3.5,8.4,11.9,1.9,0.79,1.03,1.8,2.8,1.0,17.9,6.0,11.5,.519,0.0,0.0,.000,1.1,1.6,0.68,6.0,11.5,.520,1.134,0.52
orl,E'Twaun Moore, SG,75,21,22.4,7.8,0.6,1.6,2.2,2.7,0.68,0.31,1.4,1.6,2.0,10.8,3.2,8.0,.396,0.9,2.6,.340,0.6,0.8,0.80,2.3,5.4,.424,.983,0.45
orl,Doron Lamb, SG†,24,0,12.4,3.2,0.2,1.0,1.2,0.5,0.25,0.00,0.4,1.0,1.2,6.5,1.1,2.8,.397,0.4,0.9,.476,0.5,0.8,0.63,0.7,1.9,.362,1.118,0.47
orl,Maurice Harkless, SF,76,59,26.0,8.2,1.6,2.8,4.4,0.7,1.16,0.82,0.9,1.9,0.7,12.5,3.4,7.4,.461,0.4,1.5,.274,1.0,1.7,0.57,3.0,5.9,.510,1.108,0.49
orl,DeQuan Jones, SF,63,17,12.7,3.7,0.3,1.4,1.7,0.3,0.30,0.35,0.5,0.9,0.5,8.5,1.5,3.5,.436,0.1,0.6,.257,0.5,0.8,0.67,1.4,2.9,.470,1.069,0.46
orl,Andrew Nicholson, PF,75,28,16.7,7.8,0.9,2.5,3.4,0.6,0.32,0.43,1.1,1.8,0.6,15.1,3.4,6.5,.527,0.0,0.0,.000,1.0,1.3,0.80,3.4,6.5,.527,1.208,0.53
orl,Glen Davis, PF,34,33,31.3,15.1,1.6,5.6,7.2,2.1,0.94,0.62,1.9,2.6,1.1,15.1,6.3,14.1,.448,0.0,0.1,.000,2.5,3.4,0.72,6.3,14.0,.450,1.071,0.45
orl,Tobias Harris, SF†,27,20,36.1,17.3,2.1,6.4,8.5,2.1,0.89,1.37,1.8,3.3,1.2,17.1,6.7,14.7,.453,1.0,3.2,.310,3.0,4.1,0.72,5.7,11.5,.494,1.176,0.49
orl,Ish Smith, PG†,36,3,10.5,2.4,0.3,1.0,1.3,1.6,0.36,0.17,0.8,0.4,2.1,7.2,1.1,3.2,.336,0.1,0.5,.235,0.1,0.2,0.43,1.0,2.7,.354,.733,0.35
orl,Arron Afflalo, SG,64,64,36.0,16.5,0.5,3.3,3.7,3.2,0.63,0.17,2.2,2.1,1.5,13.0,6.2,14.1,.439,1.1,3.8,.300,3.0,3.5,0.86,5.1,10.3,.489,1.168,0.48
orl,Gustavo Ayon, PF†,43,3,13.3,3.6,0.9,2.3,3.3,1.4,0.30,0.30,0.9,1.9,1.6,11.8,1.6,2.9,.536,0.0,0.0,.000,0.4,0.9,0.50,1.6,2.9,.536,1.224,0.54
orl,Al Harrington, PF,10,0,11.9,5.1,0.6,2.1,2.7,1.0,0.40,0.10,0.7,1.8,1.4,10.4,2.0,5.7,.351,0.8,3.0,.267,0.3,0.4,0.75,1.2,2.7,.444,.895,0.42
orl,Jameer Nelson, PG,56,56,35.3,14.7,0.4,3.3,3.7,7.4,1.27,0.11,2.8,2.9,2.7,14.4,5.5,13.9,.392,2.2,6.3,.341,1.6,1.8,0.87,3.3,7.6,.435,1.054,0.47
orl,J.J. Redick, SG†,50,11,31.5,15.1,0.2,2.2,2.4,4.4,0.58,0.10,2.1,1.4,2.1,16.1,5.2,11.6,.450,2.3,6.0,.390,2.3,2.6,0.89,2.9,5.6,.514,1.299,0.55
orl,Hedo Turkoglu, SF,11,1,17.2,2.9,0.4,2.0,2.4,2.1,0.64,0.09,1.1,1.0,1.9,3.4,1.3,4.8,.264,0.1,2.2,.042,0.3,0.5,0.50,1.2,2.6,.448,.604,0.27
wsh,Nene Hilario, PF,61,49,27.2,12.6,1.7,5.0,6.7,2.9,0.90,0.61,2.3,2.8,1.3,17.1,4.7,9.7,.480,0.0,0.0,.000,3.2,4.4,0.73,4.7,9.7,.481,1.290,0.48
wsh,Martell Webster, SF,76,62,28.9,11.4,0.7,3.2,3.9,1.9,0.64,0.22,1.2,2.2,1.6,13.9,3.7,8.4,.442,1.8,4.3,.422,2.2,2.6,0.85,1.9,4.1,.463,1.366,0.55
wsh,Emeka Okafor, C,79,77,26.0,9.7,2.5,6.2,8.8,1.2,0.57,0.97,1.4,1.8,0.9,15.9,4.2,8.7,.477,0.0,0.0,.000,1.4,2.4,0.57,4.2,8.7,.477,1.114,0.48
wsh,Shaun Livingston, PG†,17,4,18.8,3.7,0.1,2.1,2.2,2.2,0.65,0.12,1.0,1.3,2.2,7.4,1.4,3.9,.364,0.0,0.2,.000,0.9,0.9,1.00,1.4,3.7,.381,.955,0.36
wsh,Jason Collins, C†,6,2,9.0,0.7,0.2,1.2,1.3,0.3,0.33,0.67,0.3,1.8,1.0,2.9,0.2,1.0,.167,0.0,0.0,.000,0.3,0.3,1.00,0.2,1.0,.167,.667,0.17
wsh,Garrett Temple, SG,51,36,22.7,5.1,0.6,1.8,2.4,2.3,0.98,0.33,1.2,1.8,1.9,8.8,2.1,5.1,.407,0.5,1.6,.325,0.5,0.7,0.70,1.6,3.5,.444,1.016,0.46
wsh,Jannero Pargo, PG†,7,0,14.6,3.0,0.0,0.9,0.9,2.0,0.00,0.14,1.1,1.1,1.8,0.3,1.1,4.6,.250,0.4,2.9,.150,0.3,0.3,1.00,0.7,1.7,.417,.656,0.30
wsh,Trevor Ariza, SF,56,15,26.3,9.5,0.8,4.0,4.8,2.0,1.29,0.36,1.5,1.3,1.3,14.0,3.4,8.1,.417,1.4,3.7,.364,1.4,1.7,0.82,2.0,4.4,.463,1.175,0.50
wsh,John Wall, PG,49,42,32.7,18.5,0.7,3.3,4.0,7.6,1.33,0.76,3.2,2.4,2.4,20.9,6.6,15.0,.441,0.2,0.9,.267,5.0,6.2,0.80,6.4,14.1,.452,1.233,0.45
wsh,Jordan Crawford, SG†,43,12,26.2,13.2,0.7,2.4,3.1,3.7,0.63,0.12,2.3,1.4,1.6,14.7,4.9,11.8,.415,1.4,4.0,.345,2.0,2.5,0.82,3.5,7.8,.451,1.118,0.47
wsh,Trevor Booker, PF,48,14,18.5,5.3,2.0,2.9,5.0,0.8,0.67,0.33,0.6,2.0,1.3,13.9,2.3,4.6,.491,0.0,0.1,.000,0.8,1.5,0.56,2.3,4.5,.502,1.164,0.49
wsh,Chris Singleton, SF,57,11,16.2,4.1,0.9,2.3,3.2,0.6,0.67,0.42,0.8,2.2,0.8,7.8,1.6,4.2,.382,0.1,0.6,.194,0.7,1.2,0.57,1.5,3.6,.415,.959,0.40
wsh,Bradley Beal, SG,56,46,31.2,13.9,0.8,3.0,3.8,2.4,0.89,0.52,1.6,2.0,1.5,13.7,5.0,12.3,.410,1.6,4.2,.386,2.2,2.8,0.79,3.4,8.1,.424,1.135,0.48
wsh,Shelvin Mack, PG†,7,2,20.1,5.3,0.4,1.9,2.3,3.3,0.86,0.00,1.1,1.4,2.9,10.5,2.3,5.7,.400,0.6,1.9,.308,0.1,0.3,0.50,1.7,3.8,.444,.925,0.45
wsh,Kevin Seraphin, C,79,8,21.8,9.1,1.4,3.0,4.4,0.7,0.30,0.75,1.6,2.7,0.4,10.4,4.2,9.1,.461,0.0,0.0,.000,0.8,1.1,0.69,4.2,9.1,.461,1.007,0.46
wsh,A.J. Price, PG,57,22,22.4,7.7,0.4,1.6,2.0,3.6,0.58,0.05,1.1,1.3,3.2,12.5,2.8,7.2,.390,1.2,3.5,.350,0.9,1.1,0.79,1.6,3.7,.427,1.068,0.47
wsh,Jan Vesely, PF,51,4,11.8,2.5,0.8,1.5,2.4,0.5,0.29,0.33,0.5,2.1,1.0,7.6,1.1,2.2,.500,0.0,0.0,.000,0.2,0.8,0.31,1.1,2.2,.504,1.105,0.50
wsh,Earl Barron, PF†,11,1,11.1,2.5,1.5,2.5,3.9,0.3,0.45,0.45,0.9,2.1,0.3,6.9,1.2,3.4,.351,0.0,0.0,.000,0.2,0.5,0.40,1.2,3.4,.351,.757,0.35
wsh,Cartier Martin, PF,41,3,16.9,6.6,0.3,2.2,2.4,0.5,0.46,0.15,0.8,1.4,0.6,9.8,2.3,6.1,.381,1.4,3.6,.397,0.5,0.7,0.71,0.9,2.5,.358,1.071,0.50
den,Timofey Mozgov, C,41,1,8.9,2.6,1.2,1.4,2.6,0.2,0.15,0.44,0.6,1.4,0.4,12.4,1.1,2.1,.506,0.0,0.0,.000,0.5,0.6,0.77,1.1,2.1,.518,1.241,0.51
den,Quincy Miller, SF,7,0,3.7,1.3,0.1,0.1,0.3,0.4,0.14,0.00,0.1,0.4,3.0,5.9,0.6,1.7,.333,0.0,0.1,.000,0.1,0.3,0.50,0.6,1.6,.364,.750,0.33
den,Evan Fournier, SG,38,4,11.3,5.3,0.2,0.8,0.9,1.2,0.50,0.03,0.8,1.7,1.4,13.9,2.0,4.0,.493,0.6,1.4,.407,0.8,1.0,0.77,1.4,2.6,.541,1.329,0.57
den,Jordan Hamilton, SG,40,1,9.9,5.2,0.8,1.6,2.4,0.6,0.38,0.20,0.5,0.6,1.2,17.0,2.1,5.0,.418,0.7,1.8,.370,0.3,0.7,0.50,1.4,3.2,.445,1.035,0.49
den,Andre Iguodala, SG,80,80,34.7,13.0,1.0,4.3,5.3,5.4,1.74,0.65,2.6,1.6,2.1,15.3,5.0,11.0,.451,1.1,3.6,.317,1.9,3.4,0.57,3.9,7.4,.515,1.181,0.50
den,Corey Brewer, SG,82,2,24.4,12.1,0.7,2.2,2.9,1.5,1.44,0.28,1.2,1.9,1.2,14.8,4.6,10.8,.425,1.1,3.7,.296,1.8,2.6,0.69,3.5,7.1,.493,1.121,0.48
den,Andre Miller, PG,82,11,26.2,9.6,0.7,2.2,2.9,5.9,0.89,0.13,2.1,1.9,2.8,15.7,3.7,7.7,.479,0.2,0.8,.266,2.0,2.4,0.84,3.5,6.9,.504,1.244,0.49
den,Julyan Stone, SG,4,0,7.0,1.8,0.5,0.3,0.8,0.5,0.25,0.00,0.5,1.0,1.0,11.4,0.5,0.5,1.000,0.0,0.0,.000,0.8,1.0,0.75,0.5,0.5,1.000,3.500,1.00
den,Danilo Gallinari, SF,71,71,32.5,16.2,0.9,4.3,5.2,2.5,0.90,0.51,1.6,1.8,1.6,16.7,5.1,12.3,.418,1.9,5.1,.373,4.0,4.9,0.82,3.2,7.2,.450,1.319,0.50
den,Kenneth Faried, PF,80,80,28.1,11.5,3.3,5.9,9.2,1.0,1.01,1.04,1.4,2.9,0.7,18.5,4.8,8.6,.552,0.0,0.0,.000,2.0,3.3,0.61,4.8,8.6,.552,1.340,0.55
den,Wilson Chandler, SF,43,8,25.1,13.0,1.0,4.0,5.1,1.3,1.05,0.28,1.4,2.8,1.0,16.6,4.9,10.6,.462,1.2,2.9,.413,2.0,2.6,0.79,3.7,7.7,.480,1.231,0.52
den,JaVale McGee, C,79,0,18.1,9.1,2.0,2.8,4.8,0.3,0.38,1.99,1.1,2.3,0.3,20.8,3.8,6.7,.575,0.0,0.0,1.000,1.4,2.4,0.59,3.8,6.7,.574,1.361,0.58
den,Ty Lawson, PG,73,71,34.4,16.7,0.5,2.2,2.7,6.9,1.47,0.11,2.5,1.8,2.8,18.0,6.1,13.3,.461,1.2,3.2,.366,3.2,4.3,0.76,4.9,10.1,.491,1.252,0.51
den,Anthony Randolph, SF,39,0,8.4,3.7,0.7,1.7,2.4,0.3,0.49,0.54,0.9,1.1,0.3,15.7,1.4,2.9,.491,0.0,0.2,.000,0.8,1.2,0.69,1.4,2.7,.528,1.254,0.49
den,Kosta Koufos, C,81,81,22.4,8.0,2.6,4.3,6.9,0.4,0.54,1.27,0.7,3.0,0.6,17.2,3.6,6.3,.581,0.0,0.0,.000,0.7,1.3,0.56,3.6,6.3,.582,1.276,0.58
min,Ricky Rubio, PG,57,47,29.7,10.7,0.8,3.2,4.0,7.3,2.40,0.09,3.0,2.5,2.4,16.2,3.2,9.0,.360,0.5,1.6,.293,3.7,4.6,0.80,2.7,7.4,.374,1.183,0.39
min,Lou Amundson, PF†,20,0,8.1,1.6,1.2,1.2,2.4,0.2,0.35,0.30,0.6,1.3,0.3,6.3,0.7,1.9,.368,0.0,0.0,.000,0.2,1.0,0.20,0.7,1.9,.368,.842,0.37
min,Malcolm Lee, SG,16,12,18.1,4.9,0.9,1.5,2.4,1.3,0.75,0.38,0.6,1.9,2.0,9.9,1.8,4.8,.382,0.5,1.5,.333,0.8,1.3,0.60,1.3,3.3,.404,1.026,0.43
min,Nikola Pekovic, C,62,62,31.6,16.3,3.7,5.1,8.8,0.9,0.69,0.81,1.6,2.3,0.5,20.3,6.2,12.0,.520,0.0,0.0,.000,3.9,5.2,0.74,6.2,12.0,.520,1.364,0.52
min,Dante Cunningham, PF,80,9,25.1,8.7,1.8,3.3,5.1,0.8,1.05,0.48,0.7,1.9,1.2,13.4,3.9,8.4,.468,0.0,0.1,.000,0.8,1.3,0.65,3.9,8.3,.472,1.036,0.47
min,Kevin Love, PF,18,18,34.3,18.3,3.6,10.4,14.0,2.3,0.72,0.50,2.2,1.9,1.1,18.0,5.8,16.6,.352,1.1,5.1,.217,5.6,7.9,0.70,4.7,11.5,.413,1.107,0.39
min,Lazar Hayward, SF,4,0,7.8,2.5,0.0,1.0,1.0,0.8,0.50,0.00,0.0,0.8,0.0,11.2,0.5,2.5,.200,0.0,1.0,.000,1.5,1.5,1.00,0.5,1.5,.333,1.000,0.20
min,Brandon Roy, SG,5,5,24.4,5.8,0.6,2.2,2.8,4.6,0.60,0.00,1.4,1.0,3.3,8.3,2.2,7.0,.314,0.0,1.8,.000,1.4,2.0,0.70,2.2,5.2,.423,.829,0.31
min,Derrick Williams, PF,78,56,24.6,12.0,1.2,4.3,5.5,0.6,0.56,0.47,1.3,1.6,0.5,14.6,4.3,10.1,.430,0.8,2.5,.332,2.5,3.5,0.71,3.5,7.6,.463,1.187,0.47
min,Josh Howard, SF,11,4,18.8,6.7,0.8,2.5,3.3,0.4,0.91,0.27,0.9,1.6,0.4,9.5,2.8,7.0,.403,0.5,1.5,.313,0.6,1.1,0.58,2.3,5.5,.426,.961,0.44
min,Andrei Kirilenko, SF,64,64,31.8,12.4,1.6,4.1,5.7,2.8,1.50,0.97,1.9,1.3,1.5,17.7,4.4,8.8,.507,0.5,1.9,.292,2.9,3.9,0.75,3.9,6.9,.566,1.413,0.54
min,Alexey Shved, PG,77,16,23.9,8.6,0.5,1.7,2.3,3.7,0.70,0.35,1.9,1.5,1.9,11.0,3.1,8.2,.372,1.1,3.7,.295,1.4,1.9,0.72,2.0,4.5,.435,1.047,0.44
min,Will Conroy, PG,4,0,5.0,0.3,0.3,0.0,0.3,0.0,0.00,0.00,0.0,0.3,0.0,-15.2,0.0,2.3,.000,0.0,0.8,.000,0.3,0.5,0.50,0.0,1.5,.000,.111,0.00
min,Chris Johnson, C,30,0,9.5,3.9,0.7,1.3,2.0,0.3,0.23,0.93,0.4,1.6,0.6,18.5,1.6,2.5,.640,0.0,0.0,.000,0.7,1.1,0.62,1.6,2.5,.640,1.560,0.64
min,Greg Stiemsma, C,76,19,15.9,4.0,0.8,2.6,3.4,0.4,0.58,1.18,0.8,2.4,0.5,10.5,1.7,3.7,.457,0.0,0.0,.000,0.7,0.9,0.77,1.7,3.7,.457,1.104,0.46
min,J.J. Barea, PG,74,2,23.1,11.3,0.5,2.3,2.8,4.0,0.43,0.00,2.0,1.8,2.0,14.2,4.3,10.2,.417,1.3,3.8,.346,1.4,1.8,0.78,3.0,6.4,.458,1.100,0.48
min,Chase Budinger, SF,23,1,22.1,9.4,0.7,2.4,3.1,1.1,0.61,0.30,1.0,1.3,1.1,12.7,3.4,8.3,.414,1.1,3.5,.321,1.4,1.8,0.76,2.3,4.8,.482,1.131,0.48
min,Mickael Gelabale, SF,36,13,17.9,5.0,0.9,1.9,2.8,0.7,0.44,0.11,0.4,1.3,1.6,11.8,2.0,3.9,.518,0.4,1.4,.308,0.6,0.7,0.88,1.6,2.5,.644,1.302,0.58
min,Luke Ridnour, PG,82,82,30.2,11.5,0.5,2.0,2.5,3.8,1.00,0.18,1.6,2.3,2.4,13.1,4.5,9.9,.453,0.8,2.6,.311,1.7,2.0,0.85,3.7,7.3,.503,1.158,0.49
okc,Ronnie Brewer, SF†,14,0,10.1,0.9,0.9,1.9,2.9,0.7,0.64,0.00,0.3,0.4,2.5,9.1,0.4,1.6,.261,0.1,0.4,.200,0.0,0.0,0.00,0.3,1.2,.278,.565,0.28
okc,Thabo Sefolosha, SG,81,81,27.5,7.6,0.7,3.2,3.9,1.5,1.27,0.54,0.8,2.2,2.0,12.8,2.8,5.8,.481,1.3,3.2,.419,0.7,0.9,0.83,1.5,2.6,.558,1.315,0.60
okc,DeAndre Liggins, SG,39,1,7.4,1.5,0.3,1.0,1.4,0.4,0.46,0.08,0.4,0.8,1.1,9.4,0.5,1.2,.447,0.2,0.5,.368,0.2,0.5,0.50,0.3,0.7,.500,1.234,0.52
okc,Kendrick Perkins, C,78,78,25.1,4.2,1.4,4.6,6.0,1.4,0.55,1.06,1.4,2.9,1.0,8.2,1.8,4.0,.457,0.0,0.0,.000,0.6,0.9,0.61,1.8,4.0,.458,1.054,0.46
okc,Russell Westbrook, PG,82,82,34.9,23.2,1.4,3.9,5.2,7.4,1.77,0.29,3.3,2.3,2.2,24.0,8.2,18.7,.438,1.2,3.7,.323,5.6,7.0,0.80,7.0,15.0,.466,1.240,0.47
okc,Perry Jones, SF,38,1,7.4,2.3,0.3,1.3,1.6,0.3,0.13,0.16,0.4,0.6,0.7,7.8,1.0,2.6,.394,0.0,0.1,.000,0.3,0.4,0.67,1.0,2.5,.402,.889,0.39
okc,Kevin Durant, SF,81,81,38.5,28.1,0.6,7.3,7.9,4.6,1.43,1.30,3.5,1.8,1.3,28.3,9.0,17.7,.510,1.7,4.1,.416,8.4,9.3,0.91,7.3,13.6,.539,1.591,0.56
okc,Jeremy Lamb, SG,23,0,6.4,3.1,0.2,0.6,0.8,0.2,0.09,0.09,0.3,0.6,0.8,11.2,1.0,3.0,.353,0.4,1.3,.300,0.6,0.6,1.00,0.6,1.7,.395,1.044,0.42
okc,Eric Maynor, PG†,37,0,10.6,2.8,0.1,0.4,0.5,2.0,0.27,0.00,0.8,0.5,2.4,7.5,1.0,3.1,.313,0.4,1.2,.326,0.5,0.6,0.81,0.6,1.9,.304,.904,0.38
okc,Nick Collison, PF,81,2,19.5,5.1,1.5,2.6,4.1,1.5,0.63,0.37,0.9,2.4,1.8,13.6,2.2,3.7,.595,0.0,0.0,.000,0.7,1.0,0.77,2.2,3.7,.603,1.392,0.59
okc,Daniel Orton, C,13,0,8.0,2.5,1.0,1.0,2.0,0.3,0.31,0.23,0.3,1.0,1.0,14.0,0.9,2.0,.462,0.0,0.0,.000,0.7,1.3,0.53,0.9,2.0,.462,1.269,0.46
okc,Hasheem Thabeet, C,66,4,11.7,2.4,1.0,1.9,3.0,0.2,0.45,0.91,0.6,2.2,0.3,11.6,1.0,1.6,.604,0.0,0.0,.000,0.5,0.8,0.60,1.0,1.6,.604,1.509,0.60
okc,Derek Fisher, PG†,24,0,14.4,4.1,0.1,0.8,0.9,0.7,0.58,0.04,0.5,1.3,1.3,7.0,1.3,4.0,.333,0.8,2.4,.351,0.6,0.6,0.93,0.5,1.6,.308,1.021,0.44
okc,Serge Ibaka, PF,80,80,31.1,13.2,2.8,4.9,7.7,0.5,0.35,3.03,1.6,2.7,0.3,19.4,5.6,9.7,.573,0.3,0.7,.351,1.8,2.4,0.75,5.3,9.0,.591,1.356,0.59
okc,Kevin Martin, SG,77,0,27.7,14.0,0.4,1.9,2.3,1.4,0.94,0.10,1.3,1.8,1.0,16.1,4.5,10.1,.450,2.1,4.8,.426,2.8,3.2,0.89,2.4,5.3,.472,1.384,0.55
okc,Reggie Jackson, PG,70,0,14.2,5.3,0.3,2.1,2.4,1.7,0.41,0.19,0.8,1.2,2.3,14.3,2.1,4.6,.458,0.3,1.5,.231,0.7,0.9,0.84,1.8,3.1,.566,1.151,0.50
por,Nicolas Batum, SF,73,73,38.5,14.3,1.3,4.3,5.6,4.9,1.25,1.14,2.6,1.9,1.9,15.8,4.8,11.4,.423,2.3,6.1,.372,2.4,2.9,0.85,2.5,5.3,.481,1.257,0.52
por,Damian Lillard, PG,82,82,38.6,19.0,0.5,2.6,3.1,6.5,0.90,0.23,3.0,2.1,2.2,16.5,6.7,15.7,.429,2.3,6.1,.368,3.3,3.9,0.84,4.4,9.6,.469,1.213,0.50
por,Sasha Pavlovic, SG,39,1,13.5,2.6,0.2,1.3,1.4,0.8,0.62,0.13,0.4,1.5,2.3,6.2,1.1,3.1,.353,0.5,1.5,.300,0.0,0.2,0.17,0.6,1.6,.407,.866,0.43
por,Meyers Leonard, C,69,9,17.5,5.5,1.2,2.5,3.7,0.5,0.16,0.55,0.7,2.4,0.7,12.1,2.2,4.0,.545,0.0,0.1,.429,1.0,1.3,0.81,2.2,3.9,.548,1.361,0.55
por,J.J. Hickson, C,80,80,29.0,12.7,3.3,7.0,10.4,1.1,0.60,0.64,1.8,2.0,0.6,19.7,5.2,9.3,.562,0.0,0.0,.000,2.3,3.4,0.68,5.2,9.3,.563,1.368,0.56
por,Wesley Matthews, SG,69,69,34.8,14.8,0.5,2.3,2.8,2.5,1.30,0.26,1.6,2.5,1.6,14.1,5.1,11.7,.436,2.4,6.2,.398,2.2,2.7,0.80,2.7,5.5,.478,1.265,0.54
por,Luke Babbitt, SF,62,0,11.8,3.9,0.2,2.0,2.2,0.5,0.23,0.08,0.4,1.3,1.3,9.5,1.4,3.8,.368,1.0,2.9,.348,0.2,0.2,0.77,0.4,0.9,.429,1.043,0.50
por,Will Barton, SG,73,5,12.2,4.0,0.5,1.5,2.0,0.8,0.47,0.12,0.8,0.8,1.0,9.1,1.6,4.2,.382,0.1,0.9,.138,0.7,0.9,0.77,1.5,3.3,.447,.955,0.40
por,Nolan Smith, PG,40,0,7.2,2.8,0.2,0.5,0.7,0.9,0.18,0.03,0.7,0.7,1.2,7.1,1.1,2.9,.368,0.2,0.7,.214,0.5,0.7,0.71,0.9,2.2,.419,.965,0.39
por,Eric Maynor, PG†,27,0,21.2,6.9,0.1,0.9,1.0,4.0,0.44,0.04,1.8,1.3,2.3,10.6,2.6,6.1,.422,0.7,1.9,.380,1.0,1.5,0.68,1.9,4.2,.440,1.127,0.48
por,Victor Claver, PF,49,16,16.6,3.8,0.6,1.8,2.4,0.9,0.53,0.24,0.9,1.5,1.0,7.1,1.5,3.9,.392,0.5,1.8,.287,0.3,0.6,0.47,1.0,2.1,.480,.989,0.46
por,Jared Jeffries, PF,38,0,9.2,1.2,0.7,0.9,1.6,0.4,0.16,0.16,0.4,1.5,0.8,2.4,0.4,1.4,.296,0.0,0.1,.000,0.3,0.6,0.52,0.4,1.3,.308,.815,0.30
por,Ronnie Price, PG,39,0,13.1,2.7,0.3,0.8,1.1,1.9,0.67,0.08,0.9,1.6,2.1,6.8,1.0,3.1,.325,0.3,1.0,.256,0.4,0.6,0.71,0.7,2.1,.358,.875,0.37
por,Joel Freeland, C,51,1,9.4,2.6,0.8,1.5,2.3,0.3,0.25,0.22,0.4,1.3,0.7,9.4,1.1,2.8,.408,0.0,0.0,.000,0.4,0.5,0.67,1.1,2.8,.408,.944,0.41
por,LaMarcus Aldridge, PF,74,74,37.7,21.1,2.4,6.7,9.1,2.6,0.84,1.23,1.9,2.5,1.3,20.4,8.6,17.8,.484,0.0,0.2,.143,3.8,4.7,0.81,8.6,17.6,.488,1.184,0.48
utah,Derrick Favors, PF,77,8,23.2,9.4,2.4,4.7,7.1,1.0,0.87,1.69,1.7,3.2,0.6,17.6,3.6,7.4,.482,0.0,0.1,.000,2.3,3.4,0.69,3.6,7.3,.487,1.280,0.48
utah,Enes Kanter, C,70,2,15.4,7.2,1.9,2.4,4.3,0.4,0.40,0.46,1.4,1.7,0.3,17.7,2.9,5.4,.544,0.0,0.0,1.000,1.3,1.7,0.79,2.9,5.4,.542,1.335,0.54
utah,Gordon Hayward, SF,72,27,29.2,14.1,0.7,2.4,3.1,3.0,0.81,0.53,1.7,1.7,1.8,16.8,4.7,10.7,.435,1.4,3.4,.415,3.4,4.1,0.83,3.3,7.3,.444,1.316,0.50
utah,Alec Burks, PG,64,0,17.8,7.0,0.6,1.7,2.3,1.4,0.55,0.20,1.2,1.8,1.2,11.5,2.5,6.1,.420,0.5,1.4,.359,1.4,2.0,0.71,2.0,4.7,.439,1.162,0.46
utah,Mo Williams, PG,46,46,30.8,12.9,0.5,1.9,2.4,6.2,1.00,0.20,2.7,2.3,2.3,14.5,5.0,11.6,.430,1.3,3.3,.383,1.6,1.8,0.88,3.7,8.3,.449,1.111,0.48
utah,DeMarre Carroll, SF,66,12,16.8,6.0,1.3,1.5,2.8,0.9,0.88,0.36,0.5,1.8,1.8,15.5,2.3,4.9,.460,0.3,1.1,.286,1.1,1.5,0.77,2.0,3.8,.508,1.213,0.49
utah,Randy Foye, SG,82,72,27.4,10.8,0.2,1.3,1.5,2.0,0.80,0.33,1.1,2.3,1.8,11.7,3.6,9.0,.397,2.2,5.3,.410,1.4,1.8,0.82,1.4,3.7,.378,1.195,0.52
utah,Paul Millsap, PF,78,78,30.4,14.6,2.3,4.8,7.1,2.6,1.31,1.03,1.8,3.0,1.5,19.9,5.5,11.2,.490,0.2,0.5,.333,3.4,4.6,0.74,5.3,10.7,.498,1.297,0.50
utah,Al Jefferson, C,78,78,33.1,17.8,2.0,7.2,9.2,2.1,1.03,1.14,1.3,2.2,1.6,21.0,7.8,15.8,.494,0.0,0.2,.118,2.1,2.8,0.77,7.8,15.6,.500,1.125,0.50
utah,Jamaal Tinsley, PG,66,32,18.5,3.5,0.3,1.5,1.7,4.4,0.97,0.21,1.6,1.6,2.7,10.6,1.3,3.5,.368,0.6,1.9,.307,0.3,0.4,0.69,0.7,1.6,.439,.979,0.45
utah,Jeremy Evans, SF,37,0,5.8,2.0,0.7,0.9,1.6,0.3,0.22,0.35,0.2,0.8,1.4,19.9,0.7,1.2,.614,0.0,0.0,.000,0.6,0.9,0.64,0.7,1.2,.628,1.705,0.61
utah,Earl Watson, PG,48,4,17.3,2.0,0.5,1.3,1.8,4.0,0.83,0.17,1.4,2.0,2.8,7.7,0.8,2.5,.308,0.1,0.6,.179,0.4,0.5,0.68,0.7,1.9,.348,.800,0.33
utah,Marvin Williams, PF,73,51,23.7,7.2,0.8,2.8,3.6,1.1,0.51,0.52,0.8,1.3,1.3,10.9,2.7,6.4,.423,0.7,2.3,.325,1.1,1.4,0.78,2.0,4.1,.477,1.126,0.48
utah,Kevin Murphy, SG,17,0,3.1,0.9,0.0,0.2,0.2,0.1,0.06,0.00,0.2,0.2,0.7,-4.4,0.4,1.6,.250,0.1,0.3,.200,0.0,0.0,0.00,0.3,1.3,.261,.536,0.27