,2000,2001,2002,2003,2004,2005,2006,2007,2008,2009,2010,2011,2012,2013,2014,2015
"A.C. Green,F",,2250000,,,,,,,,,,,,,,
"A.J. Price,PG",,,,,,,,,,,,762195,,,,866879
"Aaron Brooks,PG",,,,,,,,,972720,1045560,1118520,2016692,2016692,2400000,884293,
"Aaron Gordon,PF",,,,,,,,,,,,,,,,3992040
"Aaron Gray,C",,,,,,,,,427163,711517,1000497,1028840,2500000,2575000,2690875,1227985
"Aaron McKie,SG",,1820000,,4500000,5000000,5500000,2500000,2500000,7000000,,,,,,,
"Aaron Williams,C",,,2475000,,2925000,3150000,3375000,1750000,1890000,,,,,,,
"Acie Law,PG",,,,,,,,,1927080,2071680,2216160,633253,633253,633253,,
"Adam Keefe,F",,3390000,,,,,,,,,,,,,,
"Adam Morrison,SF",,,,,,,,3616680,3887880,4159200,5257229,,,,,
"Adonal Foyle,C",,3578000,4400000,4400000,4400000,,7312500,8125000,1219590,,,,,,,
"Adreian Payne,PF",,,,,,,,,,,,,,,,1855320
"Adrian Griffin,SG",,498000,648000,,,,844537,1475000,1593000,,,,,,,
"Al Harrington,PF",745000,797000,1436000,2110000,,,6975500,7625000,8425625,9226250,10026875,5765000,6226200,7148600,,
"Al Horford,C",,,,,,,,,3745800,4023720,4307640,5444857,12498483,12000000,12000000,12000000
"Al Jefferson,C",,,,,,,1512840,1618320,2480885,11000000,12000000,13000000,15000000,13500000,13500000,13500000
"Al Thornton,SF",,,,,,,,,1652280,1776240,1900200,211084,211084,211084,,
"Al-Farouq Aminu,SF",,,,,,,,,,,,2563320,2755560,2947800,3749602,
"Alan Anderson,SG",,,,,,,,128935,,,,,213597,,947907,1276061
"Alan Henderson,PF",5318000,5909000,6500000,7091000,7682000,8273000,,70075,,,,,,,,
"Alando Tucker,SF",,,,,,,,,931920,1001880,1071720,1071720,1071720,1071720,,
"Alec Burks,PG",,,,,,,,,,,,,2111160,2111160,2202000,3034356
"Aleksandar Radojevic,C",1325000,1425000,,,,,,,,,,,,,,
"Alex Len,C",,,,,,,,,,,,,,,3492720,3649920
"Alexander Johnson,SF",,,,,,,,,,,29135,,885120,885120,,
"Alexey Shved,PG",,,,,,,,,,,,,,2934610,3150000,3282056
"Alexis Ajinca,C",,,,,,,,,1276320,1276320,1372080,1467840,1467840,1467840,635880,981084
"Allan Houston,SG",,9000000,10000000,11000000,15937000,17531000,,,,,,,,,,
"Allen Crabbe,SG",,,,,,,,,,,,,,,825000,862000
"Allen Iverson,SG",,,,,,,16453125,17184375,19012500,20840625,650686,650686,650686,650686,,
"Alonzo Gee,SF",,,,,,,,,,,45759,641141,,,3250000,915243
"Alonzo Mourning,C",15004000,16879000,18756000,,,,1138500,,2762500,,,,,,,
"Alvin Jones,C",,,332000,,,,,,,,,,,,,
"Alvin Williams,PG",,2100000,5350000,5350000,5500000,,6300000,,,,,,,,,
"Amal McCaskill,C",,,541000,612000,,,,,,,,,,,,
"Amar'e Stoudemire,PF",,,,,,,2589023,12455000,13762775,15070550,16378325,16486611,18217705,19948799,21679893,23410988
"Amir Johnson,PF",,,,,,,398762,664209,3666667,3666667,3941667,,6000000,6050000,6500000,7000000
"Anderson Varejao,C",,,,,,,866800,945600,5356000,5784480,6363636,7281818,7700000,8368182,9036364,9704545
"Andray Blatche,C",,,,,,,,,2479339,2739669,,5904152,6442083,,1375604,
"Andre Barrett,SG",,,,,,,,744551,,,,,,,,
"Andre Brown,PF",,,,,,,,406340,,,,,,,,
"Andre Drummond,C",,,,,,,,,,,,,,2356320,2465400,2568360
"Andre Iguodala,SG",,,,,,,2058000,2201640,2804889,11300000,12200000,12345250,14718250,14968250,12868632,12289544
"Andre Miller,PG",1682000,1808000,1934000,2460000,3317000,,8100000,8966666,9600000,10333334,6730800,7269264,7807728,5000000,5000000,4650000
"Andre Owens,SG",,,,,,,,,687456,,,,,,,
"Andre Roberson,SG",,,,,,,,,,,,,,1110840,740560,1160880
"Andrea Bargnani,C",,,,,,,4501200,4501200,4838880,5176440,6527491,8500000,10000000,10000000,11862500,11500000
"Andrei Kirilenko,SF",,,831000,893000,956000,1672000,10983000,12364000,13735000,15106000,16452000,17823000,17823000,9779349,3183000,3326235
"Andres Nocioni,SF",,,,,,,2775000,3950000,8500000,8000000,,6850000,6650000,6650000,,
"Andrew Bogut,C",,,,,,,4340520,4665960,4991520,6294195,10000000,11000000,12000000,13000000,14000000,12972973
"Andrew Bynum,C",,,,,,,1888680,2030280,2172000,2769300,12500000,13700000,14900000,16889000,1000000,
"Andrew DeClercq,C",,1920000,2900000,3263000,3625000,,,,,,,,,,,
"Andrew Nicholson,PF",,,,,,,,,,,,,,1482000,1482000,1545840
"Andrew Wiggins,SF",,,,,,,,,,,,,,,,5510640
"Andris Biedrins,C",,,,,,,1857360,1986960,2636696,9000000,9000000,9000000,9000000,9000000,,
"Andy Rautins,SG",,,,,,,,,,,,600000,788872,788872,,
"Antawn Jamison,PF",2503000,2678000,3388000,4469000,,,13843156,15101626,16360094,9923285,11641095,13358905,15076715,,,
"Anthony Bennett,PF",,,,,,,,,,,,,,,5324280,5563920
"Anthony Carter,PG",,1200000,3250000,3656000,4063000,,965185,37620,,,,,,,,
"Anthony Davis,PF",,,,,,,,,,,,,,5144280,5375760,5607240
"Anthony Goldwire,PG",,243000,,,,,,,,,,,,,,
"Anthony Johnson,PG",,,,,,,2420000,2640000,2860000,1910000,2062800,2062800,2062800,2062800,,
"Anthony Mason,F",,5553000,4538000,4992000,,,,,,,,,,,,
"Anthony Morrow,SG",,,,,,,,,,,736420,4000000,4000000,4000000,1027424,3200000
"Anthony Parker,SG",,,,,,,,4150000,4350000,4550000,2644231,2855769,2250000,2250000,,
"Anthony Peeler,SG",2495000,2737000,2978000,3220000,,,,,,,,,,,,
"Anthony Randolph,SF",,,,,,,,,,1709280,1837560,1965720,2911231,1674641,1750000,1825359
"Anthony Roberson,SG",,,,,,,398762,,,,855189,,855189,855189,,
"Anthony Tolliver,PF",,,,,,,,,,711517,427316,2200000,2050000,,884293,
"Antoine Walker,PF",9000000,10125000,11250000,12375000,13500000,14625000,6884000,7606820,8329640,9052460,,,,,,
"Antoine Wright,SF",,,,,,,1461360,1570920,1680600,1800000,1800000,,,,,
"Antonio Burks,PG",,,,,,,641748,,,,,,,,,
"Antonio Daniels,PG",,2814000,,3375000,,,5000000,5400000,5800000,6200000,6600000,,,,,
"Antonio Davis,PF",,5500000,11000000,12000000,12000000,12000000,13865000,,,,,,,,,
"Antonio Harvey,F",,,591000,,,,,,,,,,,,,
"Antonio McDyess,PF",9900000,10800000,11700000,,,,5393300,,6373900,600532,4500000,4860000,5220000,5220000,,
"Antonis Fotsis,F",,,332000,,,,,,,,,,,,,
"Archie Goodwin,SG",,,,,,,,,,,,,,,1064400,1112280
"Armon Johnson,PG",,,,,,,,,,,,473604,104494,104494,,
"Arnett Moultrie,PF",,,,,,,,,,,,,,1042320,1089240,1136160
"Aron Baynes,PF",,,,,,,,,,,,,,239588,788872,2077000
"Arron Afflalo,SG",,,,,,,,944520,944520,1015440,1086240,1959577,7750000,7750000,7500000,7500000
"Art Long,F",,,466000,,,,,,,,,,,,,
"Arvydas Sabonis,C",,10636000,,,,,,,,,,,,,,
"Austin Croshere,PF",,5298000,6310000,6960000,7610000,8260000,7900000,7300000,770610,,,,,,,
"Austin Daye,SF",,,,,,,,,,,1677840,1803720,1929600,2958077,947907,1063384
"Austin Rivers,SG",,,,,,,,,,,,,,2238360,2339040,2439840
"Avery Bradley,PG",,,,,,,,,,,,1418160,1524480,1630800,2511432,7191011
"Avery Johnson,PG",,8000000,4538000,4991000,5445000,,,,,,,,,,,
"Awvee Storey,SF",,,,,,,641748,,,,,,,,,
"Baron Davis,PG",2712000,2916000,3119000,3942000,5173000,,,,16440000,11250000,12100000,14000000,854389,,,
"Ben Gordon,SG",,,,,,,3610200,3862080,4881669,6404750,10000000,10800000,11600000,13200000,,4500000
"Ben McLemore,SG",,,,,,,,,,,,,,,2895960,3026280
"Ben Uzoh,PG",,,,,,,,,,,,,190548,190548,,
"Ben Wallace,PF",,4000000,,5000000,5500000,6000000,7500000,16000000,15500000,14500000,,2080000,2246400,2246400,,
"Beno Udrih,PG",,,,,,,904800,967920,561544,5585000,6031800,6478600,6925400,7372000,884293,2077000
"Bernard James,C",,,,,,,,,,,,,,,788872,
"Bernard Robinson,SG",,,,,,,641747,1000000,1080000,,,,,,,
"Bill Walker,SF",,,,,,,,,,542114,736420,,885120,885120,,
"Billy Thomas,SG",,,,,,,,,4533,,,,,,,
"Bimbo Coles,PG",,2250000,2475000,2700000,2925000,,,,,,,,,,,
"Bismack Biyombo,C",,,,,,,,,,,,,2798040,3049920,3049920,3873398
"Blake Ahearn,PG",,,,,,,,,67844,631995,,,117134,,,
"Blake Griffin,PF",,,,,,,,,,,4983480,5357280,5731080,13701250,16441500,17674613
"Bo Outlaw,PF",,4500000,6555000,6555000,5955000,5355000,1138500,,,,,,,,,
"Bob Sura,PG",3760000,4386000,4913000,5540000,6166000,,3520000,3840000,3840000,,,,,,,
"Bobby Brown,PG",,,,,,,,,,442114,,,,,,
"Bobby Jackson,PG",,,2475000,2700000,2925000,3150000,3375000,5250000,5670000,6487888,,,,,,
"Bobby Jones,SF",,,,,,,,412718,24263,,,,,,,
"Bobby Simmons,SF",,,332000,,,,8000000,8640000,9280000,10602667,11242666,,234268,234268,,
"Bojan Bogdanovic,SG",,,,,,,,,,,,,,,,3278000
"Boniface N'Dong,C",,,,,,,398762,,,,,,,,,
"Bonzi Wells,SG",1428000,1528000,2028000,2777000,,,,2115000,2284200,,,,,,,
"Boris Diaw,PF",,,,,,,1174200,1870501,9000000,,,,241158,4500000,4702500,7500000
"Bostjan Nachbar,SF",,,,,,,2500000,,2500000,,,,,,,
"Bracey Wright,SG",,,,,,,398762,,,,,,,,,
"Brad Miller,C",,4000000,4400000,4800000,,,8750000,9625000,,11375000,12250000,4400000,4752000,5104000,,
"Bradley Beal,SG",,,,,,,,,,,,,,4319280,4319280,4505280
"Brandan Wright,PF",,,,,,,,,2323080,2497320,2671440,3398072,915852,992680,5000000,5000000
"Brandon Armstrong,SG",,,865000,930000,995000,,,,,,,,,,,
"Brandon Bass,PF",,,,,,,398762,664209,770610,826269,4000000,,4250000,6000000,6450000,6900000
"Brandon Davies,PF",,,,,,,,,,,,,,,490180,
"Brandon Heath,SG",,,,,,,,,,442114,,,,,,
"Brandon Jennings,PG",,,,,,,,,,,2168520,2331120,2493720,3179493,7655503,
"Brandon Knight,PG",,,,,,,,,,,,,2563320,2678640,2793960,3553917
"Brandon Roy,SG",,,,,,,,2681880,2883120,3084240,3910816,13603750,15032144,5100000,,
"Brandon Rush,SG",,,,,,,,,,1799160,1934160,2069040,2956658,,,1145685
"Brendan Haywood,C",,,815000,,,,,4500000,5000000,5500000,6000000,6900000,7624500,2050000,2050000,2213668
"Brent Barry,SG",3960000,4320000,4680000,5040000,5400000,,4691390,5117880,172177,1910000,2062800,2062800,2062800,2062800,,
"Brent Price,G",2944000,2880000,3680000,,,,,,,,,,,,,
"Brevin Knight,PG",,4250000,4500000,5062000,5062000,,4600000,4400000,1600000,2000000,,,,,,
"Brian Butch,C",,,,,,,,,,,10767,762195,,762195,,
"Brian Cardinal,PF",,,465000,,,,4950000,,5850000,6300000,111685,,,,,
"Brian Cook,PF",,,,,,,1038960,1817141,3500000,3500000,3500000,1146337,1223166,,,
"Brian Grant,PF",,8897000,10009000,11121000,12234000,13346000,1670000,,,,,,,,,
"Brian Roberts,PG",,,,,,,,,,,,,,473604,788872,2732000
"Brian Scalabrine,PF",,,,512000,,,2586207,2793103,3000000,3206897,3413793,,,,,
"Brian Shaw,G",,,,1400000,,,,,,,,,,,,
"Brian Skinner,PF",843000,901000,1483000,2148000,,,4950000,5400000,,1262275,825497,668434,668434,668434,,
"Brook Lopez,C",,,,,,,,,,2098560,2255880,2413320,3076983,13668750,,15719062
"Bruce Bowen,SF",,733000,715000,824000,,,3375000,3750000,4125000,4000000,4100000,4100000,4100000,4100000,,
"Bruno Caboclo,SF",,,,,,,,,,,,,,,,1458360
"Bruno Sundov,C",,498000,565000,,,,,,,,,,,,,
"Bryant Reeves,C",8666000,10110000,,,,,,,,,,,,,,
"Bryant Stith,G",,5620000,2000000,,,,,,,,,,,,,
"Bryce Cotton,PG",,,,,,,,,,,,,,,,507336
"Bryce Drew,PG",,,1300000,1300000,1300000,,,,,,,,,,,
"Bryon Russell,SF",4000000,4570000,5142000,,,,1138500,,,,,,,,,
"Byron Mullens,C",,,,,,,,,,,1120200,1204200,1288200,,947907,
"C.J. McCollum,SG",,,,,,,,,,,,,,,2316720,2421000
"C.J. Miles,SG",,,,,,,398761,664209,945610,3700000,3700000,3700000,3700000,2225000,2225000,4205000
"C.J. Watson,PG",,,,,,,,,251272,,1000497,3600000,3400000,992680,2016000,2077000
"C.J. Wilcox,SG",,,,,,,,,,,,,,,,1109760
"Cal Bowdler,F",1025000,1102000,1179000,,,,,,,,,,,,,
"Calbert Cheaney,SG",,,2400000,,,,,,,,,,,,,
"Calvin Booth,C",,423000,4539000,4992000,5446000,5900000,900498,998967,1103225,1319651,,,,,,
"Cameron Bairstow,PF",,,,,,,,,,,,,,,,507336
"Carl Landry,PF",,,,,,,,,,3000000,3000000,,8500000,4000000,6500000,6500000
"Carldell Johnson,PG",,,,,,,,,,,,,473604,473604,,
"Carlos Arroyo,PG",,,333000,,,,4000000,4100000,4000000,,,196007,196007,,,
"Carlos Boozer,PF",,,,,,,11260483,11260483,11593816,11593817,12323900,14400000,13500000,15300000,15300000,3251000
"Carlos Delfino,SG",,,,,,,969600,1037280,1868141,,3500000,,,,,3250000
"Carmelo Anthony,SF",,,,,,,3713640,4694041,13041250,14410581,15779912,17149243,18518574,19444503,21388953,22458401
"Caron Butler,SF",,,,,,,2461617,7438000,8468990,9249980,9780970,10561960,,8000000,244489,4500000
"Carrick Felix,SG",,,,,,,,,,,,,,,510000,816482
"Cartier Martin,PF",,,,,,,,,,52014,69310,,199816,,104034,1145685
"Cedric Ceballos,F",,3937000,,,,,,,,,,,,,,
"Cedric E. Henderson,F",2400000,2700000,3000000,,,,,,,,,,,,,
"Cedric Jackson,G",,,,,,,,,,,40375,40375,40375,40375,,
"Cedric Simmons,SF",,,,,,,,1515480,1629120,1742760,,,,,,
"Chandler Parsons,SF",,,,,,,,,,,,,850000,888250,926500,14700000
"Channing Frye,PF",,,,,,,2162880,2325000,2487240,3163769,1990000,5200000,6000000,6400000,6400000,8579088
"Charles Oakley,PF",,,6545000,,,,,,,,,,,,,
"Charles Smith,SG",,,541000,612000,,,719373,,,,,,,,,
"Charlie Bell,SG",,,,,,,,,3106000,3354480,3602960,4447792,4099920,4099920,,
"Charlie Villanueva,PF",,,,,,,2360880,2537880,2715000,3448050,6500000,7020000,7540000,8060000,8580000,
"Charlie Ward,PG",4540000,5000000,5110000,5750000,6030000,,,,,,,,,,,
"Chase Budinger,SF",,,,,,,,,,,725000,780871,,885120,5000000,
"Chauncey Billups,PG",,,,,,,5909800,6364400,,11050000,12100000,13150000,2000032,,2500000,
"Cherokee Parks,PF",,2100000,,824000,,,,,,,,,,,,
"Chris Andersen,PF",,,,,,,,,885294,,3650000,4533300,4234000,1679408,,5375000
"Chris Babb,SG",,,,,,,,,,,,,,,77852,816482
"Chris Bosh,C",,,,,,,3348000,4235220,13041250,14410581,15779912,14500000,17545000,19067500,19067500,20644400
"Chris Childs,G",4160000,4680000,5200000,,,,,,,,,,,,,
"Chris Copeland,SF",,,,,,,,,,,,,,,3000000,3135000
"Chris Crawford,SF",2000000,2250000,2500000,2750000,3000000,,,,,,,,,,,
"Chris Douglas-Roberts,SG",,,,,,,,,,442114,736420,,,582995,660619,
"Chris Dudley,C",7100000,6200000,591000,,,,,,,,,,,,,
"Chris Duhon,PG",,,,,,,2800000,3024000,3248000,5585000,,3500000,3250000,,,
"Chris Garner,G",,32000,,,,,,,,,,,,,,
"Chris Gatling,C",,,2504000,,,,,,,,,,,,,
"Chris Herren,G",,423000,,,,,,,,,,,,,,
"Chris Hunter,C",,,,,,,,,,,632455,,,,,
"Chris Johnson,C",,,,,,,,,,,,88363,762195,346781,,
"Chris Johnson,SF",,,,,,,,,,,,,,55718,320189,915243
"Chris Kaman,C",,,,,,,2753760,3491767,8600000,,10400000,11800000,14030000,8000000,3183000,4800000
"Chris McCray,SG",,,,,,,,412718,,,,,,,,
"Chris Mihm,C",,1923000,2067000,2222000,2823000,3785000,3792817,4214241,2500000,2500000,,,,,,
"Chris Mills,SF",4200000,4800000,5400000,6000000,,,,,,,,,,,,
"Chris Paul,PG",,,,,,,3144240,3380160,3615960,4574189,13520500,14940153,16359805,18668431,18668431,20068563
"Chris Quinn,PG",,,,,,,,,,972581,1050387,804131,804131,169340,,
"Chris Richard,PF",,,,,,,,,,886517,186271,,,,,
"Chris Singleton,SF",,,,,,,,,,,,,1485000,1618680,1618680,
"Chris Taft,PF",,,,,,,423762,,,,,,,,,
"Chris Webber,C",,12000000,12750000,14343000,15937000,17351000,19125000,407313,358107,,,,,,,
"Chris Whitney,PG",,2370000,2666000,2962000,3259000,,,,,,,,,,,
"Chris Wilcox,PF",,,,,,,2812239,6250000,6500000,6750000,3000000,3000000,3000000,,,
"Chris Wright,PG",,,,,,,,,,,,,,27859,,
"Chris Wright,SF",,,,,,,,,,,,,,,9281,
"Christian Eyenga,SF",,,,,,,,,,,,1020960,1097520,1174080,,
"Christian Laettner,PF",,6625000,4421000,4973000,5526000,6078000,,,,,,,,,,
"Chuck Hayes,C",,,,,,,248118,664209,1750000,1768000,2147750,1972500,5486250,5486250,5722500,5958750
"Chucky Atkins,PG",,3000000,3300000,3600000,3900000,4200000,4500000,,3000000,3240000,825497,,,,,
"Chucky Brown,F",,241000,,,,,,,,,,,,,,
"Clarence Weatherspoon,PF",,2100000,,4991000,5445000,5899000,,,,,,,,,,
"Clifford Robinson,PF",6125000,6890000,7656000,8421000,,,2500000,1600000,1600000,,,,,,,
"Clint Capela,C",,,,,,,,,,,,,,,,1189200
"Coby Karl,PG",,,,,,,,,,,17328,,,,,
"Cody Zeller,C",,,,,,,,,,,,,,3857040,3857040,4030560
"Cole Aldrich,C",,,,,,,,,,,,2126520,2286000,2445480,,
"Corey Benjamin,G",,744000,,,,,,,,,,,,,,
"Corey Brewer,SG",,,,,,,,2535720,2535720,2725920,2916120,3875000,3059000,3243000,,4702500
"Corey Maggette,SF",1259000,1353000,1448000,2069000,2862000,,7000000,7000000,7000000,8275862,8937931,9600000,10262069,10924138,,
"Corie Blount,PF",,1320000,1452000,1400000,,,,,,,,,,,,
"Corliss Williamson,PF",,3997000,4000000,4500000,5000000,5500000,6000000,6500000,,,,,,,,
"Cory Higgins,PG",,,,,,,,,,,,,473604,762195,,
"Cory Jefferson,PF",,,,,,,,,,,,,,,,507336
"Cory Joseph,PG",,,,,,,,,,,,,1074720,1074720,1120920,1023261
"Courtney Alexander,SG",,1319000,1418000,1524000,,,,,,,,,,,,
"Courtney Fortson,PG",,,,,,,,,,,,,156595,,,
"Courtney Lee,SG",,,,,,,,,,1176240,1264440,1352640,2225093,5000000,5225000,5450000
"Courtney Sims,C",,,,,,,,,319116,,,,,,,
"Craig Brackins,PF",,,,,,,,,,,,1306920,1404960,1404960,,
"Craig Smith,PF",,,,,,,,,687456,2500000,2300000,2300000,,,,
"Curtis Jerrells,NA",,,,,,,,,,,59217,762195,,762195,,
"Cuttino Mobley,SG",,3922000,4412000,4903000,5393000,5883000,7241379,8125000,8350000,8925000,9500000,9500000,9500000,9500000,,
"D.J. Augustin,PG",,,,,,,,,2208960,2208960,2374680,2540000,3236470,,650215,3000000
"D.J. Kennedy,SG",,,,,,,,,,,,,22916,762195,,
"D.J. Strawberry,SG",,,,,,,,,,711517,,,,,,
"D.J. White,PF",,,,,,,,,,964080,1036440,1108680,2001167,156234,104028,
"Da'Sean Butler,NA",,,,,,,,,,,,125000,788872,788872,,
"DaJuan Summers,SF",,,,,,,,,,,457588,,,72892,,
"Daequan Cook,SG",,,,,,,,,1184400,1273200,1362120,2169857,3341558,512633,,
"Dahntay Jones,SG",,,,,,,1223160,1886113,584757,,,2500000,2700000,2900000,,
"Dajuan Wagner,SG",,,,,,,,798112,,,,,,,,
"Dale Davis,PF",4490000,6175000,7010000,8000000,,,3500000,3500000,,,,,,,,
"Dalibor Bagaric,C",,795000,854000,914000,,,,,,,,,,,,
"Damian Lillard,PG",,,,,,,,,,,,,,3065040,3202920,3340920
"Damien Inglis,SF",,,,,,,,,,,,,,,,820000
"Damien Wilkins,SG",,,,,,,2500000,2700000,2900000,3100000,3630000,482478,,,,
"Damion James,SF",,,,,,,,,,,,1156320,1243080,68902,68902,
"Damjan Rudez,SF",,,,,,,,,,,,,,,,1100000
"Damon Jones,PG",,714000,566000,,,,3596924,3884678,4172432,4460186,,,,,,
"Damon Stoudamire,PG",10125000,11250000,12375000,13500000,14625000,15750000,4250000,4050000,335442,,,,,,,
"Damone Brown,PF",,,332000,512000,,,,,,,,,,,,
"Dan Dickau,PG",,,,,,,2255350,2753218,,,,,,,,
"Dan Gadzuric,C",,,,,,,4750000,5252065,5751130,6250195,6749260,7248325,69393,,,
"Dan Langhi,PF",,316000,465000,,,,,,,,,,,,,
"Dan Majerle,G",,4000000,590000,,,,,,,,,,,,,
"Dan McClintock,C",,26000,,,,,,,,,,,,,,
"Dana Barros,PG",,3700000,1500000,,,,,,,,,,,,,
"Daniel Ewing,PG",,,,,,,450000,,,,,,,,,
"Daniel Gibson,SG",,,,,,,,,,3700000,4088500,4015334,4403834,4792332,,
"Daniel Orton,C",,,,,,,,,,,,1028400,1105560,916099,,
"Daniel Santiago,C",,316000,,,,,,,,,,,,,,
"Danilo Gallinari,SF",,,,,,,,,,2873520,3089040,3304560,4190182,9439000,10146925,10854850
"Danny Ferry,F",,1200000,1000000,1100000,,,,,,,,,,,,
"Danny Fortson,C",,,4441000,4935000,5428000,5922000,6207670,6596990,,,,,,,,
"Danny Granger,SF",,,,,,,1318920,1417800,1516800,2329805,10130500,10973202,12015904,13058606,249683,2077000
"Danny Green,SG",,,,,,,,,,,457588,130022,,3500000,3762500,4025000
"Danny Manning,F",,1200000,1500000,1650000,,,,,,,,,,,,
"Dante Cunningham,PF",,,,,,,,,,,,,2000000,2090000,2180000,
"Dante Exum,SG",,,,,,,,,,,,,,,,3615000
"Darington Hobson,SG",,,,,,,,,,,,473604,,,,
"Darius Miles,SF",,2841000,3054000,3267000,4130000,5419000,7250000,7750000,8250000,450399,,854389,854389,854389,,
"Darius Miller,SF",,,,,,,,,,,,,,,,915243
"Darius Morris,PG",,,,,,,,,,,,,473604,,,
"Darius Songaila,PF",,,,,,,2200000,3650000,3942000,4235000,4526000,4818000,4818000,4818000,,
"Darko Milicic,C",,,,,,,4135200,5218622,,7020000,7540000,4325000,4776500,854389,,
"Darnell Jackson,PF",,,,,,,,,,450000,,,,,,
"Darrell Armstrong,PG",4125000,3100000,4130000,4506000,,,719373,1178348,,,,,,,,
"Darrell Arthur,PF",,,,,,,,,,977160,1050480,1123680,2027119,3006217,3231683,3457149
"Darren Collison,PG",,,,,,,,,,,1266120,1361040,1455960,1900000,1900000,4797664
"Darrick Martin,PG",,673000,590000,,,,1081575,744551,,,,,,,,
"Darryl Watkins,C",,,,,,,,,427163,,,,55321,,,
"Darvin Ham,SF",,1700000,1760000,,,,,,,,,,,,,
"David Andersen,C",,,,,,,,,,,2314815,2500000,2685185,2685185,,
"David Harrison,C",,,,,,,898200,960840,1734316,,,,,,,
"David Lee,PF",,,,,,,861360,926040,990600,1788033,7000000,10800000,11610000,12744000,13878000,15012000
"David Noel,SF",,,,,,,,412718,,,,,,,,
"David Robinson,C",,13196000,9500000,10500000,,,,,,,,,,,,
"David Vanterpool,G",,80000,,,,,,,,,,,,,,
"David Wesley,SG",2520000,2880000,3240000,3600000,3960000,,5075000,1750000,1750000,,,,,,,
"David West,PF",,,,,,,1334160,2051938,10650000,9862500,9075000,8287500,10000000,10000000,12000000,12000000
"David Wingate,G",,548000,,,,,,,,,,,,,,
"DeAndre Jordan,C",,,,,,,,,,550000,,,10079404,10986550,10986550,11440123
"DeAndre Liggins,SG",,,,,,,,,,,,,473604,884293,,
"DeJuan Blair,C",,,,,,,,,,,850000,918000,1054000,1054000,884293,2000000
"DeMar DeRozan,SG",,,,,,,,,,,2282640,2453880,3344250,3344250,9500000,10100000
"DeMarcus Cousins,C",,,,,,,,,,,,3374640,3880800,3880800,4916974,14746000
"DeMarcus Nelson,SG",,,,,,,,,,,736420,736420,736420,736420,,
"DeMarre Carroll,SF",,,,,,,,,,,1009680,1085400,885120,885120,2557545,2442455
"DeQuan Jones,SF",,,,,,,,,,,,,,473604,,
"DeSagana Diop,C",,,1842000,1980000,2118000,2695000,2000000,1998000,2146000,5585000,6031800,6478600,6925400,,,
"DeShawn Stevenson,SG",,828000,890000,956000,1624000,2362000,2750000,932015,3348215,3616072,3883929,4151786,2500000,2240450,,
"Dean Garrett,C",2520000,2880000,3240000,,,,,,,,,,,,,
"Dee Brown,G",,548000,,,,,,,,,,,,,,
"Dell Curry,G",2100000,2000000,2100000,,,,,,,,,,,,,
"Delonte West,SG",,,,,,,1010040,1080480,1889760,3850000,4254250,,,,,
"Demetris Nichols,SF",,,,,,,,,,711517,,,,,,
"Dennis Horner,PF",,,,,,,,,,,,,473604,,,
"Dennis Schroder,PG",,,,,,,,,,,,,,,1348200,1690680
"DerMarr Johnson,SF",,2107000,2265000,,3087000,4119000,719373,,27198,,,,,,,
"Derek Anderson,SG",,2250000,6495000,7145000,7794000,8444000,1670000,617539,770610,,,,,,,
"Derek Fisher,PG",3000000,3000000,3000000,3000000,3000000,3000000,5393300,5883600,4352000,4700000,5048000,3700000,2329545,261343,,
"Derek Strong,F",3159000,3510000,,,,,,,,,,,,,,
"Deron Washington,NA",,,,,,,,,,,457588,457588,457588,457588,,
"Deron Williams,PG",,,,,,,3487440,3749040,4010640,5069449,13520500,14940153,16359805,17177795,18466130,19754465
"Derrick Brown,SF",,,,,,,,,,,457588,762195,,,,
"Derrick Byars,SF",,,,,,,,,,,457588,457588,854389,,,
"Derrick Coleman,PF",7370000,8040000,8710000,9830000,,,,,,,,,,,,
"Derrick Dial,SG",,,541000,,,,,,,,,,,,,
"Derrick Favors,PF",,,,,,,,,,,,4133280,4753320,4753320,6008196,12950000
"Derrick McKey,F",4800000,5400000,6000000,,,,,,,,,,,,,
"Derrick Rose,PG",,,,,,,,,,4822800,5184480,5546160,6993708,17632688,17632688,18862876
"Derrick Williams,PF",,,,,,,,,,,,,4602720,4809840,5016960,6331404
"Desmon Farmer,SG",,,,,,,,,,797581,,,,,,
"Desmond Mason,SF",,1074000,1155000,1235000,1898000,2680000,7233333,8037036,5000000,5300000,825497,,825497,825497,,
"Devean George,SF",790000,849000,834000,1542000,2244000,,5000600,1974259,2369111,1600000,1600000,,,,,
"Devin Brown,SG",,,,,,,1592400,516806,1200000,998398,1107572,,,,,
"Devin Green,SG",,,,,,,,,687456,797581,,,,,,
"Devin Harris,PG",,,,,,,2947440,3153120,3995003,7800000,8400000,8981000,9319000,8500000,,3878896
"Devyn Marble,SG",,,,,,,,,,,,,,,,884879
"Dewayne Dedmon,C",,,,,,,,,,,,,,,300000,
"Dexter Pittman,C",,,,,,,,,,,,,762195,,,
"Diamon Simpson,SF",,,,,,,,,,,,,57291,,,
"Diante Garrett,PG",,,,,,,,,,,,,,473604,719266,
"Didier Ilunga-Mbenga,C",,,,,,,880000,1628959,90660,880658,959111,,854389,,,
"Dijon Thompson,SF",,,,,,,398762,,,,,,,,,
"Dikembe Mutombo,C",,14422000,14315000,16105000,17895000,19684000,2000000,2210000,,502007,,1823280,1823280,1823280,,
"Dion Glover,SG",893000,960000,1027000,1584000,2270000,,,,,,,,,,,
"Dion Waiters,SG",,,,,,,,,,,,,,3726600,3894240,4062000
"Dionte Christmas,SG",,,,,,,,,,,,,,473604,,
"Dirk Nowitzki,PF",1583000,1693000,2157000,2923000,,,,15101622,,18077904,19795714,17278618,19092873,20907128,22721381,7974482
"Dominic McGuire,PF",,,,,,,,,,711517,,211084,,68902,,
"Dominique Jones,SG",,,,,,,,,,,,1110120,1193280,1276560,,
"Don MacLean,F",,798000,,,,,,,,,,,,,,
"Don Reid,F",,548000,1000000,1100000,,,,,,,,,,,,
"Donald Sloan,PG",,,,,,,,,,,,,160414,61467,,948163
"Donatas Motiejunas,PF",,,,,,,,,,,,,,1361400,1422720,1483920
"Donell Taylor,PG",,,,,,,398672,,945610,,,,,,,
"Donnell Harvey,PF",,,927000,992000,1631000,2363000,,,,,,,,,,
"Donta Smith,SG",,,,,,,641748,,,,,,,,,
"Donte Greene,SF",,,,,,,,,,809300,870000,930700,1679914,1679914,,
"Dontell Jefferson,SG",,,,,,,,,,93624,736420,736420,736420,736420,,
"Donyell Marshall,PF",5250000,5630000,6510000,7140000,,,4799108,5633037,5566965,,,,,,,
"Dorell Wright,SF",,,,,,,1238640,1325160,2040746,2612835,2887165,3540000,3823000,4106000,3000000,3150000
"Doug Christie,SG",,3132000,,5625000,6250000,6875000,,8125000,,,,,,,,
"Doug McDermott,SF",,,,,,,,,,,,,,,,2277960
"Doug Overton,PG",,90000,,,,,,,,,,,,,,
"Dragan Tarlac,C",,2500000,,,,,,,,,,,,,,
"Draymond Green,SF",,,,,,,,,,,,,,850000,875500,
"Drew Gooden,PF",,,,,,,4065811,6645402,6453416,1410441,4580735,5765000,6226200,6687400,52017,
"Drew Gordon,C",,,,,,,,,,,,,,,,468540
"Duane Causwell,C",,4000000,,,,,,,,,,,,,,
"Dwayne Jones II,PF",,,,,,,398762,,,670906,48559,,,854389,,
"Dwayne Mitchell,NA",,,,,,,,,,442114,,,,,,
"Dwight Buycks,PG",,,,,,,,,,,,,,,700000,816482
"Dwight Howard,C",,,,,,,4493160,4806720,6061274,13758000,15202590,16647180,18091770,,20513178,21436271
"Dwight Powell,PF",,,,,,,,,,,,,,,,507336
"Dwyane Wade,SG",,,,,,,3031920,3841443,13041250,14410581,,14200000,15691000,18673000,18673000,15000000
"E'Twaun Moore,SG",,,,,,,,,,,,,,,,948163
"Earl Barron,PF",,,,,,,,,973328,,63127,11679,1027424,,,
"Earl Boykins,PG",,,650000,700000,,,2750000,2950000,349041,,752659,,220487,220487,,
"Earl Clark,SF",,,,,,,,,,,1766280,1898760,1160000,,,
"Earl Watson,PG",,,333000,,,,,,,6200000,2800000,,2000000,2300000,,
"Ed Davis,PF",,,,,,,,,,,,1919160,2207040,2207040,3153860,981084
"Eddie Gill,PG",,34000,465000,,,,,,693549,46917,,,,,,
"Eddie Griffin,PF",,,2011000,2162000,,2937000,,2700000,,,,,,,,
"Eddie House,SG",,316000,465000,,,,835810,1400000,1500000,2650000,2862000,1352181,1399507,,,
"Eddie Jones,SG",,8960000,10080000,11200000,12320000,13440000,14666250,337238,1830000,1976400,,,,,,
"Eddie Robinson,SF",,600000,5205000,5726000,6246000,,,,,,,,,,,
"Eddy Curry,C",,,2232000,,,,7394663,8171103,8947543,9723983,10500423,11530592,,,,
"Eduardo Najera,PF",,316000,465000,,,,4190476,4571428,4952380,3250000,3000000,3000000,2750000,2750000,,
"Ekpe Udoh,PF",,,,,,,,,,,,3065040,3294960,3524880,4469548,
"Elden Campbell,C",7975000,8050000,7975000,7975000,,,,,,,,,,,,
"Eldridge Recasner,G",1100000,1200000,1300000,,,,,,,,,,,,,
"Elfrid Payton,PG",,,,,,,,,,,,,,,,2397840
"Elliot Perry,G",,390000,,,,,,,,,,,,,,
"Elliot Williams,SG",,,,,,,,,,,,1254720,1442880,1442880,797545,981084
"Elton Brand,PF",3375000,3629000,3882000,4895000,6364000,,13152000,14248000,15344000,13757844,14858472,15959099,18160355,2100500,4000000,2000000
"Elton Brown,NA",,,,,,,,,427163,,,,,,,
"Emanual Davis,G",,611000,715000,824000,,,,,,,,,,,,
"Emeka Okafor,C",,,,,,,4020120,4300560,5427307,9537500,10797500,11495000,12642500,14487500,14487500,
"Enes Kanter,C",,,,,,,,,,,,,4319280,4319280,4505280,5694674
"Eric Bledsoe,PG",,,,,,,,,,,,1485000,1596360,2626473,2626474,13000000
"Eric Gordon,SG",,,,,,,,,,2623200,2819880,3016680,3831184,13668750,14283844,14898938
"Eric Maynor,PG",,,,,,,,,,,1318920,1417800,1516680,2016000,,
"Eric Montross,C",2000000,2240000,2480000,,,,,,,,,,,,,
"Eric Piatkowski,SG",,3000000,3000000,,,,,1178348,1219590,,,,,,,
"Eric Snow,PG",3000000,3375000,3750000,4125000,4500000,4875000,5484375,6093750,6703125,7312500,,,,,,
"Eric Williams,PF",3336000,3892000,4448000,5004000,5560000,,3938000,4296000,,,,,,,,
"Erick Barkley,G",,712000,765000,,,,,,,,,,,,,
"Erick Dampier,C",4988000,5611000,6235000,6858000,7482000,8105000,7662500,9628000,10590500,11553000,12115500,713666,530547,,,
"Erick Green,PG",,,,,,,,,,,,,,,,507336
"Erik Murphy,PF",,,,,,,,,,,,,,490180,,816482
"Ernest Brown,C",,,333000,,,,,,,,,,,,,
"Ersan Ilyasova,PF",,,,,,,,664209,,,2100000,2320500,2541000,7900000,7900000,7900000
"Ervin Johnson,C",2951000,3310000,3670000,4030000,,,,,,,,,,,,
"Esteban Batista,PF",,,,,,,644209,644209,,,,,,,,
"Etan Thomas,C",,,1493000,1605000,2211000,3043000,5393300,5883600,6373900,6864200,7906088,854389,854389,854389,,
"Evan Eschmeyer,C",,,3038000,3104000,,,,,,,,,,,,
"Evan Fournier,SG",,,,,,,,,,,,,,1361400,1422720,1483920
"Evan Turner,SG",,,,,,,,,,,,4602720,5293080,5293080,6679867,3278000
"Fab Melo,C",,,,,,,,,,,,,,1254720,,
"Fabricio Oberto,C",,,,,,,2325000,2500000,3500000,3600000,1990000,,,,,
"Felipe Lopez,G",,831000,565000,,,,,,,,,,,,,
"Festus Ezeli,C",,,,,,,,,,,,,,1020960,1066920,1112880
"Francisco Elson,C",,,,,,,719373,3000000,3000000,1700000,1700000,,,,,
"Francisco Garcia,SG",,,,,,,1016400,1092600,1168800,1983454,5800000,5500000,6100000,6100000,1265977,
"Fred Hoiberg,SG",,880000,1000000,,,,,,,,,,,,,
"Fred Jones,SG",,,,,,,2328843,3100000,3300000,459782,,,,,,
"Gabe Pruitt,PG",,,,,,,,,650000,711517,,825497,825497,,,
"Gal Mekel,PG",,,,,,,,,,,,,,,,816482
"Gani Lawal,PF",,,,,,,,,,,,,,788872,,
"Garret Siler,C",,,,,,,,,,,,473604,762195,762195,,
"Garrett Temple,SG",,,,,,,,,,,88826,80703,80703,884293,884293,981084
"Gary Harris,SG",,,,,,,,,,,,,,,,1519200
"Gary Neal,SG",,,,,,,,,,,,525000,854389,854389,3250000,3250000
"Gary Payton,PG",11020000,12200000,12926000,13080000,,,,,,,,,,,,
"George Hill,PG",,,,,,,,,,1006200,1081680,,1540493,8000000,8000000,8000000
"George Lynch,SF",,2200000,,2600000,2800000,3000000,,,,,,,,,,
"George McCloud,F",,,2400000,,,,,,,,,,,,,
"Gerald Green,SG",,,,,,,1253040,1347000,1440960,,,,413413,3500000,3500000,3500000
"Gerald Henderson,SG",,,,,,,,,,,1957080,2103840,2250600,,6000000,6000000
"Gerald Wallace,SF",,,664000,714000,764000,1377000,5000000,5525000,9500000,9500000,9500000,10500000,9500000,9682435,10105855,10105855
"Giannis Antetokounmpo,SG",,,,,,,,,,,,,,,1792560,1873200
"Gilbert Arenas,PG",,,333000,512000,,,10243200,11096800,11950400,14653466,16192080,17730694,261829,261829,,
"Glen Davis,PF",,,,,,,,,427163,,3000004,3000004,6300000,6400000,,
"Glen Rice Jr.,SG",,,,,,,,,,,,,,490180,490180,816482
"Glen Rice,SF",,7578000,8800000,9200000,9600000,,,,,,,,,,,
"Glenn Robinson,SF",7250000,8120000,8990000,9860000,10730000,12000000,,,,,,,,,,
"Goran Dragic,SG",,,,,,,,,,1700000,1836000,1972000,2108000,7500000,,
"Gordan Giricek,SG",,,,,,,4000000,4000000,199452,,,,,,,
"Gordon Hayward,SF",,,,,,,,,,,,2356320,2709720,2709720,3452183,
"Gorgui Dieng,C",,,,,,,,,,,,,,,1352640,1413480
"Grant Hill,SF",,9658000,10865000,12072000,,14487000,15694250,16901500,1830000,1976400,,3240000,6500000,1975000,,
"Grant Long,F",,2200000,2400000,,,,,,,,,,,,,
"Greg Anthony,G",,3500000,3940000,,,,,,,,,,,,,
"Greg Buckner,SG",,1100000,1210000,,,,1670000,3240741,3750746,4010005,4080915,4080915,4080915,4080915,,
"Greg Foster,C",857000,1764000,1924000,,,,,,,,,,,,,
"Greg Monroe,PF",,,,,,,,,,,,2798040,3007920,3217680,4086454,5479934
"Greg Oden,C",,,,,,,,,4662000,5011680,5361240,6760524,1500000,,,
"Greg Ostertag,C",5200000,5200000,6933000,7799000,8666000,,4400000,,,,,,,,,
"Greg Smith,PF",,,,,,,,,,,,,,,15605,
"Greg Stiemsma,C",,,,,,,,,,,5383,,762195,2575000,,
"Greivis Vasquez,PG",,,,,,,,,,,,1035960,1113600,1191240,2150188,6400000
"Gustavo Ayon,PF",,,,,,,,,,,,,1567500,1500000,1500000,
"Hakeem Olajuwon,C",,16685000,5061000,,,,,,,,,,,,,
"Hakim Warrick,PF",,,,,,,1196520,1286280,1376040,2119102,3000000,4250000,,4000000,,
"Hamady Ndiaye,C",,,,,,,,,,,,473604,,,,
"Hamed Haddadi,C",,,,,,,,,,1572221,1627779,1600000,1300000,1300000,,
"Hanno Mottola,C",,316000,465000,,,,,,,,,,,,,
"Harold Jamison,F",,,600000,,,,,,,,,,,,,
"Harrison Barnes,SF",,,,,,,,,,,,,,2798040,2923920,3049920
"Hasheem Thabeet,C",,,,,,,,,,,4458840,4793280,5127720,1200000,1200000,1250000
"Hassan Adams,SF",,,,,,,,412718,,,,,,,,
"Hassan Whiteside,C",,,,,,,,,,,,730437,,,,
"Hedo Turkoglu,SF",,1131000,1216000,1300000,1995000,2803000,5393300,,,,9000000,10215850,11015850,12000000,473357,
"Henry Sims,C",,,,,,,,,,,,,,27859,788872,
"Hersey Hawkins,G",,1200000,,,,,,,,,,,,,,
"Hilton Armstrong,PF",,,,,,,,1767600,1900200,2032800,2801198,,,,660619,1145685
"Hollis Thompson,SG",,,,,,,,,,,,,,473604,473604,816482
"Horace Grant,C",,7843000,2419000,2662000,2903000,,,,,,,,,,,
"Howard Eisley,PG",,4250000,4781000,5312000,5843000,6375000,6906000,,,,,,,,,
"Hubert Davis,SG",,752000,2368000,2631000,2894000,,,,,,,,,,,
"Ian Clark,SG",,,,,,,,,,,,,,,490180,
"Ian Mahinmi,C",,,,,,,,,625840,841000,989670,885120,915852,4000000,4000000,4000000
"Ike Diogu,PF",,,,,,,1988160,2137200,2286360,2912823,825497,567917,792377,792377,,
"Iman Shumpert,SG",,,,,,,,,,,,,1563120,1633440,1703760,2616975
"Ime Udoka,SG",,,,,,,,,1000000,1080000,786650,708640,708640,708640,,
"Ira Newble,SF",,,,,,,2950200,3196050,122391,,,,,,,
"Isaac Austin,C",4819000,5500000,5695000,,,,,,,,,,,,,
"Isaiah Canaan,PG",,,,,,,,,,,,,,,570515,816842
"Isaiah Thomas,PG",,,,,,,,,,,,,762195,,,7238606
"Ish Smith,PG",,,,,,,,,,,,473604,522472,910941,951463,861405
"Ismail Muhammad,SG",,,,,,,,,,,,,,473604,,
"Ivan Johnson,PF",,,,,,,,,,,,,,962195,,
"J.J. Barea,PG",,,,,,,,,,1500000,1657500,1815000,4300000,4493500,4687000,909859
"J.J. Hickson,C",,,,,,,,,,1329480,1429200,1528920,2354537,,5150000,5381750
"J.J. Redick,SG",,,,,,,,1860720,2000160,2139720,2839408,7250000,6750000,6750000,6500000,6792500
"J.R. Giddens,SG",,,,,,,,,,957120,1028880,,,,,
"J.R. Smith,SG",,,,,,,1297080,1387560,2134067,4985001,6171426,6757851,2338709,2806452,5565000,5982375
"JaJuan Johnson,PF",,,,,,,,,,,,,1042320,1089240,,
"JaKarr Sampson,PF",,,,,,,,,,,,,,,,507336
"JaMychal Green,PF",,,,,,,,,,,,,,,,507336
"JaVale McGee,C",,,,,,,,,,1392240,1496640,1601040,2462400,10000000,10750000,11250000
"Jabari Parker,SF",,,,,,,,,,,,,,,,4930560
"Jabari Smith,C",,,304000,,,,,,,,,,,,,
"Jack Cooley,SF",,,,,,,,,,,,,,,,525000
"Jackie Butler,C",,,,,,,,2200000,2350000,,,,,,,
"Jackie Manuel,NA",,,,,,,,,427163,,,,,,,
"Jacque Vaughn,PG",,1500000,590000,700000,,,1029873,,1219590,1262275,,,,,,
"Jae Crowder,SF",,,,,,,,,,,,,,600491,,
"Jahidi White,C",,3922000,4413000,4903000,5394000,5884000,,,,,,,,,,
"Jake Tsakalidis,C",,763000,820000,877000,1580000,2322000,2900000,2900000,,,,,,,,
"Jake Voskuhl,C",,316000,,587000,,,2015625,2000000,3000000,577073,,,,,,
"Jalen Rose,SG",,,,,13279000,,,1540000,,,,,,,,
"Jamaal Franklin,SG",,,,,,,,,,,,,,,535000,816482
"Jamaal Magloire,C",,975000,1048000,1126000,1735000,2474000,8333334,8433334,231183,,825497,,,,,
"Jamaal Tinsley,PG",,,749000,805000,861000,1554000,5400000,5850000,6300000,6750000,738091,,1352181,1352181,,
"Jamal Crawford,SG",,,1894000,2026000,2577000,3475000,6480000,7200000,7920000,8640000,9360000,,,5225000,5225000,5450000
"Jamal Mashburn,SF",5600000,6200000,6975000,7750000,8525000,9300000,10075000,,,,,,,,,
"Jamal Sampson,C",,,,,,,719373,774551,,,,,,,,
"Jamar Smith,SG",,,,,,,,,,,,,,473604,,
"Jamario Moon,SF",,,,,,,,,427163,711517,3000000,3000000,96017,,,
"Jameer Nelson,PG",,,,,,,1189200,1272120,1961609,7700000,8100000,7800000,8600000,8600000,,2732000
"Jamel Thomas,F",,24000,,,,,,,,,,,,,,
"James Anderson,SG",,,,,,,,,,,,1361400,1402540,532737,,
"James Augustine,PF",,,,,,,,412718,,,,,,,,
"James Ennis,SF",,,,,,,,,,,,,,,,507336
"James Harden,SG",,,,,,,,,,,4004160,4304520,4604760,5820417,13701250,14728844
"James Johnson,PF",,,,,,,,,,,1594080,1713600,2812006,2812006,634610,2500000
"James Jones,SF",,,,,,,2400000,2650000,2900000,4010000,4330000,1146337,1500000,,1500000,
"James Posey,SF",974000,1047000,1120000,1723000,2445000,,,6392100,3206000,,6031800,7148800,7595600,7595600,,
"James Singleton,SF",,,,,,,625000,675000,,797581,1030189,1030189,151585,151585,,
"James Southerland,SF",,,,,,,,,,,,,,,490180,
"James White,SG",,,,,,,,405435,,184157,825497,,825497,,,
"James Young,SG",,,,,,,,,,,,,,,,1674480
"Jamie Feick,F",2000000,,,,,,,,,,,,,,,
"Jamison Brewer,PG",,,333000,,,,,,,,,,,,,
"Jan Vesely,PF",,,,,,,,,,,,,3065040,3340920,3340920,
"Jannero Pargo,PG",,,,,,,895248,1000000,1830000,,1990000,168579,854389,,884293,915243
"Jared Cunningham,SG",,,,,,,,,,,,,,1156320,46404,
"Jared Dudley,SG",,,,,,,,,1137000,1222320,1307640,2151068,4250000,4250000,4250000,4250000
"Jared Jeffries,PF",,,,,,,2433824,5215000,5632200,6049400,6466600,221136,,1475106,,
"Jared Reiner,C",,,,,,,,302200,,,,,,,,
"Jared Sullinger,PF",,,,,,,,,,,,,,1306920,1365720,1424520
"Jaren Jackson,G",,,3020000,,,,,,,,,,,,,
"Jarnell Stokes,PF",,,,,,,,,,,,,,,,725000
"Jarrett Jack,PG",,,,,,,1058640,1137960,1217400,2002623,5000000,4600000,,5400000,6300000,6300000
"Jarron Collins,C",,,,,,,1700000,2625698,2350000,2074302,,,,,,
"Jarvis Hayes,SF",,,,,,,2011080,2564127,1200000,1910000,2062800,,,,,
"Jarvis Varnado,PF",,,,,,,,,,,,,,,171696,
"Jason Caffey,F",3937000,4375000,4812000,5250000,,,,,,,,,,,,
"Jason Collier,C",,1190000,1280000,1376000,2109000,2949000,,,,,,,,,,
"Jason Collins,C",,,1067000,1147000,1227000,1887000,5500000,5800000,6100000,,,,,,275691,
"Jason Hart,PG",,,465000,,,,1540000,197087,2300000,2484000,,,,825497,,
"Jason Kapono,SG",,,,,,,1100000,1188000,5356000,5784480,6212960,6641440,,,,
"Jason Kidd,PG",6858000,7630000,8440000,9260000,10950000,,16440000,18084000,19728000,21372000,8100000,8610500,10121000,3090000,,
"Jason Maxiell,PF",,,,,,,905640,973440,1041360,1877572,5000000,5000000,5000000,5000000,,915243
"Jason Richards,NA",,,,,,,,,,442114,,,,,,
"Jason Richardson,SG",,,2021000,,,,8888888,9999999,11111110,12222221,13333332,14444443,5395000,5799625,6204250,6601125
"Jason Smith,C",,,,,,,,1233840,1233840,1326360,1418880,2187913,2500000,2500000,2500000,3278000
"Jason Terry,SG",1468000,1579000,1689000,2153000,2933000,,6666667,8100000,8898000,9196000,9075000,9873000,11158000,,5625313,5850313
"Jason Thompson,PF",,,,,,,,,,1893840,2035920,2178000,3001284,5250000,5643750,6037500
"Jason Williams,PG",1879000,2011000,2554000,3425000,,,7562500,8250000,8937500,797581,825497,524964,524964,524964,,
"Javaris Crittenton,PG",,,,,,,,,1285200,1381560,1477920,854389,854389,854389,,
"Jawad Williams,SF",,,,,,,,,,,736420,1029389,1029389,1029389,,
"Jeff Adrien,SF",,,,,,,,,,,,133723,,916099,916099,
"Jeff Ayres,PF",,,,,,,,,,,457588,,1500000,1500000,1750000,1828750
"Jeff Foote,C",,,,,,,,,,,,,38194,38194,,
"Jeff Foster,PF",857000,922000,986000,1571000,2264000,,,5500000,5500000,5500000,6077500,6655000,,3000000,,
"Jeff Green,SF",,,,,,,,3058200,3058200,3287640,3516960,4455988,4455988,8385000,8700000,9200000
"Jeff McInnis,PG",,523000,590000,,,,3400000,3600000,770610,,,,,,,
"Jeff Taylor,SF",,,,,,,,,,,,,,788872,788872,915243
"Jeff Teague,PG",,,,,,,,,,,1373880,1476840,1579920,2433077,8000000,8000000
"Jeff Trepagnier,SG",,,,512000,,,,,,,,,,,,
"Jelani McCoy,PF",,,541000,,,,,,634620,,,,,,,
"Jerami Grant,SF",,,,,,,,,,,,,,,,884879
"Jerel McNeal,SG",,,,,,,,,,,,,,44835,,
"Jeremy Evans,SF",,,,,,,,,,,,,,1794872,1660257,1794871
"Jeremy Lamb,SG",,,,,,,,,,,,,,2111160,2111160,2202000
"Jeremy Lin,PG",,,,,,,,,,,,,,8374646,8374646,8374646
"Jeremy Pargo,PG",,,,,,,,,,,,,1000000,264527,,
"Jeremy Richardson,SG",,,,,,,,,238588,591148,,,,,,
"Jeremy Tyler,PF",,,,,,,,,,,,,650000,,556584,948163
"Jermaine Jackson,PG",,,,,,,696508,,,,,,,,,
"Jermaine O'Neal,C",5075000,5700000,6325000,6950000,,,16440000,18084000,19728000,21372000,23016000,5765000,6226200,,2000000,
"Jermaine Taylor,SG",,,,,,,,,,,725000,780871,780871,780871,,
"Jermareo Davidson,PF",,,,,,,,,,422725,,,825497,825497,,
"Jerome Dyson,PG",,,,,,,,,,,,,64930,,,
"Jerome James,C",,,466000,,,,,5400000,5800000,6200000,6600000,6600000,6600000,6600000,,
"Jerome Moiso,C",,1461000,1571000,1681000,2230000,3054000,,,,,,,,,,
"Jerome Williams,PF",,2750000,5000000,5250000,5400000,5600000,,,,,,,,,,
"Jerry Stackhouse,SF",4781000,5000000,5500000,6000000,6500000,7000000,8367187,9296874,6750000,7000000,422460,,,,,
"Jerryd Bayless,PG",,,,,,,,,,1993560,2143080,2292600,3042280,3000000,3135000,
"Jeryl Sasser,G",,,902000,969000,,,,,,,,,,,,
"Jim Jackson,SF",,,480000,,,,2640000,,,,,,,,,
"Jim McIlvaine,C",4800000,5400000,,,,,,,,,,,,,,
"Jimmer Fredette,PG",,,,,,,,,,,,,2339040,2339040,239279,
"Jimmy Butler,SG",,,,,,,,,,,,,1020960,1112880,1112880,2008748
"Jiri Welsch,GF",,,,,,,2177114,,,,,,,,,
"Joakim Noah,C",,,,,,,,,2135400,2295480,2455680,3128536,12000000,11100000,11100000,12700000
"Jodie Meeks,SG",,,,,,,,,,,650000,762195,,1550000,1550000,6000000
"Joe Alexander,SF",,,,,,,,,,2403120,2583360,,,,,
"Joe Crawford,SG",,,,,,,,,,,,736420,,736420,,
"Joe Harris,SG",,,,,,,,,,,,,,,,884879
"Joe Ingles,SF",,,,,,,,,,,,,,,,507336
"Joe Johnson,SF",,,1608000,1729000,1850000,2358000,12000000,12744190,13488378,14232567,14976754,16324500,18038573,19752645,21466718,23180790
"Joe Smith,PF",,2250000,4538000,4991000,5445000,5899000,6353200,6807000,5205000,1200000,,,,,,
"Joel Anthony,C",,,,,,,,,,711517,,3300000,3700000,3800000,3800000,3800000
"Joel Embiid,C",,,,,,,,,,,,,,,,4427640
"Joel Freeland,C",,,,,,,,,,,,,,3013512,2897976,3013512
"Joel Przybilla,C",,1619000,1741000,1862000,2373000,3215000,1560000,,5762575,6310150,6857725,7725470,420304,,,
"Joey Dorsey,PF",,,,,,,,,,816500,47651,,,,,
"Joey Graham,SF",,,,,,,1388400,1492440,1596600,2449184,,992680,1106941,1106941,,
"Johan Petro,C",,,,,,,936600,1006800,1077120,1939893,825497,3250000,3250000,3500000,,
"John Amaechi,PF",,598000,2175000,2393000,2610000,,,,,,,,,,,
"John Crotty,G",,800000,,,,,,,,,,,,,,
"John Edwards,C",,,,,,,1000000,,,,,,,,,
"John Henson,C",,,,,,,,,,,,,,1823280,1905360,1987320
"John Jenkins,SG",,,,,,,,,,,,,,1204560,1258800,1312920
"John Lucas III,PG",,,,,,,,700000,,,,130165,915852,1500000,1600000,915243
"John Salmons,SF",,,,,,,1699001,4400000,4752000,6077151,6429151,8000000,8083000,8083000,7583000,2000000
"John Shurna,SF",,,,,,,,,,,,,,473604,,
"John Stockton,G",,11000000,8000000,9000000,,,,,,,,,,,,
"John Wall,PG",,,,,,,,,,,,5144280,5530080,7459925,7459925,14746000
"John Wallace,SF",,2200000,2630000,,,,,,,,,,,,,
"Johnny Newman,F",,1400000,1575000,,,,,,,,,,,,,
"Johnny O'Bryant III,PF",,,,,,,,,,,,,,,,600000
"Jon Barry,SG",,2727000,3175000,3175000,,,1800000,,,,,,,,,
"Jon Brockman,PF",,,,,,,,,,,457588,1000000,1000000,1000000,,
"Jon Leuer,PF",,,,,,,,,,,,,473604,762195,900000,967500
"Jonas Jerebko,PF",,,,,,,,,,,,,4500000,4500000,4500000,4500000
"Jonas Valanciunas,C",,,,,,,,,,,,,,3374640,3526440,3678360
"Jonathan Bender,SF",2214000,2380000,2546000,3226000,4278000,,7175000,,,,597271,,,,,
"Jonny Flynn,PG",,,,,,,,,,,2969280,3192000,3414720,,,
"Jordan Adams,SG",,,,,,,,,,,,,,,,1344120
"Jordan Crawford,SG",,,,,,,,,,,,1042320,1120440,1198680,2162419,
"Jordan Farmar,PG",,,,,,,,939120,1009560,1080000,1947240,3750000,,4250000,,
"Jordan Hamilton,SG",,,,,,,,,,,,,1121520,1121520,1169880,915243
"Jordan Hill,C",,,,,,,,,,,2483280,2669520,2855760,3563600,,9000000
"Jorge Garbajosa,PF",,,,,,,,3750000,4000000,,,,,,,
"Jorge Gutierrez,PG",,,,,,,,,,,,,,,54785,
"Jose Calderon,PG",,,,,,,2333334,2333334,2471604,7438018,8219009,9000000,10561982,11046591,6791570,7097191
"Joseph Forte,G",,,939000,1009000,,,,,,,,,,,,
"Josh Akognon,PG",,,,,,,,,,,,,,473604,,
"Josh Boone,PF",,,,,,,,1053960,1133040,1212120,2056968,,,,,
"Josh Childress,SF",,,,,,,2677200,2863920,,,,6500000,6500000,,,
"Josh Harrellson,PF",,,,,,,,,,,,,,61467,884293,948163
"Josh Howard,SF",,,,,,,923880,1667603,9500000,9945000,10890000,,2150000,773976,,
"Josh McRoberts,PF",,,,,,,,427163,,,,885120,3000000,2652000,,5305000
"Josh Powell,PF",,,,,,,641748,,800000,854957,959111,,,,13958,1310286
"Josh Selby,PG",,,,,,,,,,,,,550000,762195,,
"Josh Smith,SF",,,,,,,1560000,1460640,2243543,,10800000,11700000,12400000,13200000,13500000,13500000
"Jrue Holiday,PG",,,,,,,,,,,1514280,1627920,2674852,2674852,9713484,10404495
"Juan Carlos Navarro,PG",,,,,,,,,538090,,,,,,,
"Juan Dixon,SG",,,,,,,2500000,2550000,2550000,797581,,,,,,
"Jud Buechler,G",,3259000,3666000,,,,,,,,,,,,,
"Julian Wright,SF",,,,,,,,,1739160,1869600,2000040,2858057,2858057,2858057,,
"Julius Hodge,SG",,,,,,,1148760,1234800,,,,,,,,
"Julius Randle,PF",,,,,,,,,,,,,,,,2997360
"Julyan Stone,SG",,,,,,,,,,,,,,762195,884293,
"Jumaine Jones,SF",684000,735000,786000,1419000,2104000,,1875000,,,,,,,,,
"Junior Harrington,PG",,,,,,,,302200,,,,,,,,
"Justin Hamilton,C",,,,,,,,,,,,,,,98036,816482
"Justin Holiday,SG",,,,,,,,,,,,,,47360,,
"Justin Reed,SF",,,,,,,,1529873,1529873,,,,,,,
"Justin Williams,PF",,,,,,,,252486,862456,,,,,,,
"Jusuf Nurkic,C",,,,,,,,,,,,,,,,1762680
"Juwan Howard,PF",15000000,16875000,18750000,20625000,,,5900400,6392100,761544,586457,,,,135697,,
"K.J. McDaniels,SG",,,,,,,,,,,,,,,,507336
"Kalin Lucas,PG",,,,,,,,,,,,,,,,486446
"Kareem Rush,SG",,,,,,,3000000,,,,,825497,,825497,,
"Karl Malone,PF",14000000,15750000,17500000,19250000,,,,,,,,,,,,
"Kasib Powell,SF",,,,,,,,,36395,,,,,,,
"Kawhi Leonard,SF",,,,,,,,,,,,,1809840,1809840,1887840,2894059
"Kedrick Brown,SG",,,1528000,1643000,1757000,2332000,,,,,,,,,,
"Keith Bogans,SG",,,,,,,869373,2510000,2440000,2565000,,1600000,1728000,,5058198,5285817
"Keith Langford,SG",,,,,,,,,278912,,,,,,,
"Keith McLeod,PG",,,,,,,1125000,1350000,,,,,,,,
"Keith Van Horn,PF",,9000000,,,13280000,,,,4236997,3792112,,,,,,
"Kelenna Azubuike,SF",,,,,,,,259770,,2900000,3100000,3300000,280192,1069509,,
"Kelly Olynyk,C",,,,,,,,,,,,,,,1986360,2075760
"Kelvin Cato,C",,5400000,6048000,6696000,7344000,7992000,8640000,,,,,,,,,
"Kemba Walker,PG",,,,,,,,,,,,,2356320,2568360,2568360,3272091
"Kendall Marshall,PG",,,,,,,,,,,,,,2005560,547570,
"Kendrick Perkins,C",,,,,,,936480,1689410,4480912,4578880,4500000,6696720,7123626,8477437,8727437,9654342
"Kenneth Faried,PF",,,,,,,,,,,,,1254720,1311240,1367640,2249768
"Kenny Anderson,PG",6680000,7520000,8350000,9185000,,,,,,,,,,,,
"Kenny Hasbrouck,NA",,,,,,,,,,,75476,762195,762195,,,
"Kenny Satterfield,G",,,333000,,,,,,,,,,,,,
"Kenny Thomas,PF",823000,885000,946000,1557000,2225000,,8183769,7187500,7875000,8562500,8775000,,854389,854389,,
"Kentavious Caldwell-Pope,SG",,,,,,,,,,,,,,,2653080,2772480
"Kenyon Martin,PF",,3536000,3801000,4067000,5128000,6667000,10886364,12068182,13250000,14431816,15852511,16545454,2500000,170878,,
"Keon Clark,PF",1289000,1379000,1971000,2726000,,,,,,,,,,,,
"Kerry Kittles,SG",7166000,,7167000,8717000,9267000,9817000,,,,,,,,,,
"Kevin Burleson,PG",,,,,,,398762,,,,,,,,,
"Kevin Durant,SF",,,,,,,,4171200,4171200,4484040,4796880,6053663,15506632,17832626,17832627,18995624
"Kevin Edwards,G",,548000,,,,,,,,,,,,,,
"Kevin Garnett,PF",16806000,19600000,22400000,25200000,28000000,,18000000,21000000,23751934,24751934,16417044,18832044,21247044,11566265,12433735,
"Kevin Jones,PF",,,,,,,,,,,,,,390027,,
"Kevin Love,PF",,,,,,,,,,3163680,3401040,3638280,4609701,,14693906,15719063
"Kevin Lyde,NA",,,,,,,,,427163,,,,,,,
"Kevin Martin,SG",,,,,,,937440,1002840,1808121,8760335,9680170,10600005,11519840,12439675,,6792500
"Kevin Murphy,SG",,,,,,,,,,,,,,473604,,
"Kevin Ollie,PG",,363000,591000,,,,2950200,3196050,3441900,,,825497,825497,825497,,
"Kevin Seraphin,C",,,,,,,,,,,,1563120,1680360,2761114,2761114,3898692
"Kevin Willis,C",,,,1000000,,,,,,,,,,,,
"Keyon Dooling,PG",,1538000,1654000,1769000,2256000,3073000,3100000,3348000,3596000,3300000,3564000,2080000,2246400,75387,,
"Kirk Haston,F",,,1182000,1271000,,,,,,,,,,,,
"Kirk Hinrich,SG",,,,,,,2513880,3192628,11250000,10000000,9500000,9100000,8000000,4059000,4059000,2732000
"Kirk Snyder,SG",,,,,,,1437240,1537440,2358433,,,,,,,
"Klay Thompson,SG",,,,,,,,,,,,,2126520,2222160,2317920,3075880
"Kobe Bryant,SG",,10125000,,,,,15946875,17718750,19490625,21262500,23034375,24806250,25244493,30453805,30453805,23500000
"Kornel David,F",,498000,,,,,,,,,,,,,,
"Kosta Koufos,C",,,,,,,,,,1176240,1214040,1298640,2203792,3000000,3000000,3000000
"Kosta Perovic,C",,,,,,,,,1800000,1634000,,,,,,
"Kostas Papanikolaou,SF",,,,,,,,,,,,,,,,4797664
"Kris Humphries,PF",,,,,,,1592400,1703520,2522913,3200000,2900000,3200000,8000000,12000000,12000000,4250000
"Kris Joseph,SF",,,,,,,,,,,,,,27859,,
"Kurt Thomas,PF",,3680000,4413000,4904000,5394000,5885000,7085919,7821482,8091188,4200000,3800000,1800000,1352181,1352181,,
"Kwame Brown,C",,,3697000,3974000,4252000,5361000,7500000,8287500,9379279,4000000,,854389,6750000,2819044,,
"Kyle Anderson,SF",,,,,,,,,,,,,,,,1093680
"Kyle Korver,SG",,,,,,,3636364,4018182,4500000,4956818,5163636,5000000,5000000,5000000,6760563,6253521
"Kyle Lowry,PG",,,,,,,,1011720,1087680,1163520,2034996,5750000,5750000,5750000,6210000,12000000
"Kyle Singler,SF",,,,,,,,,,,,,,1000000,1045000,1090000
"Kyle Weaver,SG",,,,,,,,,,806452,870968,854389,854389,854389,,
"Kyrie Irving,PG",,,,,,,,,,,,,5144280,5375760,5607240,7070730
"Kyrylo Fesenko,C",,,,,,,,,750000,810000,870000,1087500,435000,,,
"LaMarcus Aldridge,PF",,,,,,,,4027320,4329360,4631400,5844827,11244000,14000000,13500000,14878000,16006000
"LaPhonso Ellis,F",,1200000,3000000,3300000,,,,,,,,,,,,
"Lamar Odom,PF",2445000,2628000,2812000,3557000,4692000,,11448596,12348596,13248596,14148596,7500000,8200000,8900000,,8232,
"Lamond Murray,SF",,3375000,3750000,,4500000,4875000,,,,,,,,,,
"Lance Allred,C",,,,,,,,,87945,,,,,,,
"Lance Stephenson,SG",,,,,,,,,,,,750000,810000,870000,1005000,9000000
"Lance Thomas,SF",,,,,,,,,,,,,305551,,,915243
"Landry Fields,SG",,,,,,,,,,,,473604,762195,6250000,6250000,6250000
"Laron Profit,SG",,508000,,,,,835810,,,,,,,,,
"Larry Hughes,SG",1722000,1842000,2343000,3159000,,,10344900,13363012,12000084,12827676,160244,,,,,
"Larry Johnson,F",11910000,12485000,,,,,,,,,,,,,,
"Larry Owens,SF",,,,,,,,,,,,22287,22287,22287,,
"Larry Robinson,G",,,591000,,,,,,,,,,,,,
"Larry Sanders,C",,,,,,,,,,,,1731960,1861920,1991760,3053368,11000000
"Larry Turner,NA",,,,,,,,,427163,,,,,,,
"Latrell Sprewell,SG",,10125000,11250000,12375000,13500000,14625000,,,,,,,,,,
"Lavoy Allen,PF",,,,,,,,,,,,,,3000000,3060000,
"Lawrence Funderburke,PF",2400000,2700000,3000000,3300000,3600000,,,,,,,,,,,
"Lawrence Roberts,PF",,,,,,,,664209,,,,,,,,
"Lazar Hayward,SF",,,,,,,,,,,,1020960,1097520,542788,,
"LeBron James,SF",,,,,,,4621800,5828089,13041250,14410581,15779912,14500000,17545000,19067500,19067500,20644400
"Leandro Barbosa,SG",,,,,,,930600,1679733,5600000,6100000,6600000,7100000,7600000,,410936,
"Lee Nailon,SF",,,466000,,,,835810,,,,,,,,,
"Leon Powe,PF",,,,,,,,432000,687456,797581,855189,201033,201033,201033,,
"Lester Hudson,SG",,,,,,,,,,,457588,515603,48232,48232,,
"Linas Kleiza,SF",,,,,,,879360,845360,1011360,1824493,,4995000,4600000,4600000,,
"Lindsey Hunter,SG",2350000,2650000,2700000,3000000,3300000,,1760000,2250000,2250000,722515,,,,825497,,
"Linton Johnson,PF",,,,,,,719373,771331,4533,,,825497,825497,825497,,
"Lonny Baxter,PF",,,,,,,745248,,,,,,,,,
"Loren Woods,C",,,332000,,,,780000,,142201,998581,,,,,,
"Lorenzen Wright,PF",4400000,4950000,5500000,6050000,6600000,7150000,7700000,3250000,3250000,,,,,,,
"Lou Amundson,PF",,,,,,,,101966,,,855189,2225000,2763450,185955,48854,1310266
"Louis Williams,SG",,,,,,,450000,664209,,4500000,4972500,5000000,5176000,5000000,5225000,5450000
"Loy Vaught,F",4810000,4812000,,,,,,,,,,,,,,
"Luc Longley,C",5175000,5750000,,,,,,,,,,,,,,
"Luc Richard Mbah a Moute,PF",,,,,,,,,,757000,,854389,5000000,4794192,4588384,4382576
"Lucas Nogueira,C",,,,,,,,,,,,,,,,1762680
"Lucious Harris,SG",1920000,2160000,,2640000,,,,,,,,,,,,
"Luigi Datome,SF",,,,,,,,,,,,,,,1750000,1750000
"Luis Scola,PF",,,,,,,,,2916667,3100667,3284667,7775378,8591793,4508504,4508504,4868499
"Luke Babbitt,SF",,,,,,,,,,,,1645440,1892280,1892280,387995,
"Luke Harangody,PF",,,,,,,,,,,,473604,762195,1054389,,
"Luke Jackson,SF",,,,,,,1955160,109493,,797581,,,854389,,,
"Luke Ridnour,PG",,,,,,,1638000,2425878,6500000,6500000,6500000,4000000,3680000,4000000,4420000,2750000
"Luke Walton,SF",,,,,,,1125000,1375000,,4420000,4840000,5260000,5971363,6091363,,
"Luol Deng,SF",,,,,,,2443920,2614440,3320339,9385000,10365000,11345000,12325000,14275000,14275000,9714461
"Luther Head,PG",,,,,,,975600,1048800,1122000,1962378,,854389,,,,
"Maceo Baston,SF",,,,,,,,,,2272860,,,,,,
"Maciej Lampe,PF",,,,,,,858534,,,,,,,,,
"Magnum Rolle,NA",,,,,,,,,,,,8358,788872,788872,,
"Mahmoud Abdul-Rauf,G",,548000,,,,,,,,,,,,,,
"Malcolm Lee,SG",,,,,,,,,,,,,500000,884293,,
"Malcolm Thomas,PF",,,,,,,,,,,,,,884293,702233,948163
"Malik Allen,PF",,,,,,,1670000,1803600,,1300000,1300000,,,,,
"Malik Hairston,SG",,,,,,,,,,299077,,,,,,
"Malik Rose,PF",2285000,2570000,2285000,,,,6979147,7525397,7101250,7647500,,,,,,
"Mamadou N'diaye,C",,,793000,852000,1537000,2269000,,,,,,,,,,
"Manny Harris,PG",,,,,,,,,,,,,252016,252016,,
"Manu Ginobili,SG",,,,,,,7428937,8254374,9079811,9905248,10728130,11854584,14107492,14107492,7500000,7000000
"MarShon Brooks,SG",,,,,,,,,,,,,1063865,1160040,1210080,
"Marc Gasol,C",,,,,,,,,,3093333,3333333,3573333,12922194,13891359,14860523,15829688
"Marc Jackson,PF",,,3250000,3575000,3900000,4225000,4550000,4875000,,,,,,,,
"Marcin Gortat,C",,,,,,,,,427163,711517,5854000,6322320,7258960,7727280,7727280,10434782
"Marco Belinelli,SG",,,,,,,,,1345800,1446720,1547640,2380270,3377604,1957000,2750000,2873750
"Marcus Banks,PG",,,,,,,1724280,3600000,3966207,4260000,4553793,4847586,4847586,4847586,,
"Marcus Camby,C",5250000,5750000,6250000,6750000,7250000,7750000,9400000,8800000,10000000,10000000,9150000,11749832,11227250,4590338,,
"Marcus Cousin,C",,,,,,,,,,,,25000,788872,788872,,
"Marcus Fizer,F",,2562000,2754000,2946000,3726000,4915000,,,,,,,,,,
"Marcus Haislip,F",,,,,,,,,,,855189,855189,,855189,,
"Marcus Landry,SF",,,,,,,,,,,,457588,457588,457588,,
"Marcus Morris,PF",,,,,,,,,,,,,1823280,1987320,1987320,2943221
"Marcus Smart,PG",,,,,,,,,,,,,,,,3283320
"Marcus Thornton,SG",,,,,,,,,,,457588,762195,7525000,7525000,8050000,8575000
"Marcus Williams,PG",,,,,,,,1097880,1180200,1262520,825497,,,,,
"Marcus Williams,SG",,,,,,,,,50254,,,825497,,,,
"Mardy Collins,PG",,,,,,,,899880,967320,1034760,1867742,,,,,
"Mario Chalmers,PG",,,,,,,,,,700000,756000,,4000000,,4000000,4000000
"Mario Kasun,C",,,,,,,641748,,,,,,,,,
"Mario West,SG",,,,,,,,,,,451595,20103,20103,20103,,
"Mark Blount,C",,423000,540000,637000,,,5515875,7288165,7901040,8513916,7967375,7967375,7967375,7967375,,
"Mark Bryant,F",,458000,1000000,1100000,,,,,,,,,,,,
"Mark Jackson,PG",,3565000,3860000,4220000,4580000,,,,,,,,,,,
"Mark Madsen,PF",,707000,760000,817000,1474000,2212000,2000000,2210000,2420000,2630000,2840000,2840000,2840000,2840000,,
"Mark Pope,C",,498000,,,,,,,,,,,,,,
"Mark Strickland,F",,,539000,,,,,,,,,,,,,
"Markieff Morris,PF",,,,,,,,,,,,,2005560,2091840,2091840,2989239
"Marko Jaric,PG",,,,,,,5280528,5525000,6050000,6575000,7100000,7100000,7100000,,,
"Marquinhos Vieira,SF",,,,,,,,412718,,,,,,,,
"Marquis Daniels,SG",,,,,,,,5883600,6373900,6864200,,2388000,,,,
"Marquis Teague,PG",,,,,,,,,,,,,,1074720,1074720,1120920
"Marqus Blakely,SF",,,,,,,,,,,,15000,,,,
"Marreese Speights,PF",,,,,,,,,,1542600,1658280,1773960,2721255,4200000,3500000,3657500
"Martell Webster,SF",,,,,,,2586120,2780160,2974080,3771133,4344000,4800000,5256000,5150000,5150000,5381750
"Marvin Williams,PF",,,,,,,3883000,4174800,4466040,5636142,7500000,7262500,7500000,8287500,7500000,7000000
"Mason Plumlee,C",,,,,,,,,,,,,,,1298640,1357080
"Mateen Cleaves,PG",,1253000,1347000,1441000,2134000,2969000,,,,,,,,,,
"Matt Barnes,SF",,,,,,,627251,,,,1600000,1765000,1906200,3250000,3250000,3396250
"Matt Bonner,PF",,,,,,,2000000,2000000,2700000,2978000,3256500,3050000,3630000,3630000,3945000,
"Matt Bullard,F",,1481000,1300000,,,,,,,,,,,,,
"Matt Carroll,SG",,,,,,,1100000,1188000,5450000,5050000,4700000,4300000,3900000,,,
"Matt Geiger,C",6889000,7515000,8142000,,,,,,,,,,,,,
"Matt Harpring,SF",1163000,1244000,1908000,2667000,,,5020000,6500000,6000000,6000000,,,,,,
"Matt Janning,NA",,,,,,,,,,,,473604,473604,,,
"Matt Maloney,G",,548000,,2775000,,,,,,,,,,,,
"Maurice Ager,SF",,,,,,,,906480,974400,1042440,,,,,,
"Maurice Evans,SG",,,332000,,,,1500000,1620000,1740000,2500000,,2500000,,854389,,
"Maurice Harkless,SF",,,,,,,,,,,,,,1809840,1809840,1887840
"Maurice Taylor,PF",,,,7150000,7800000,8450000,9100000,,,,,,,,,
"Mehmet Okur,C",,,,,,,8250000,8250000,9000000,8500000,,9945000,10890000,10890000,,
"Melvin Ely,C",,,,,,,2401027,3303813,895341,998398,,,,854389,29788,1316809
"Metta World Peace,SF",1079000,1160000,1241000,1904000,2676000,,6842105,7526316,7400000,7400000,5854000,6322320,6790640,7727500,,
"Meyers Leonard,C",,,,,,,,,,,,,,2126520,2222160,2317920
"Michael Beasley,SF",,,,,,,,,,4314960,4638600,4962240,6262347,6000000,,
"Michael Bradley,PF",,,1124000,1208000,1292000,1985000,771123,,,,,,,,,
"Michael Carter-Williams,PG",,,,,,,,,,,,,,,2200920,2300040
"Michael Curry,SF",,,2400000,2600000,2800000,,,,,,,,,,,
"Michael Dickerson,G",1224000,1310000,1940000,2699000,,,,,,,,,,,,
"Michael Doleac,C",,,2000000,2753000,,,2640000,2880000,3120000,,,,,,,
"Michael Finley,SG",,8400000,10625000,11953000,13281000,14609000,2675000,2889000,3103000,2500000,2500000,,,,,
"Michael Jordan,G",,,1000000,1030000,,,,,,,,,,,,
"Michael Kidd-Gilchrist,SF",,,,,,,,,,,,,,4809840,4809840,5016960
"Michael Olowokandi,C",3456000,3697000,4662000,6061000,,,5900400,744551,,,,,,,,
"Michael Redd,SG",,316000,,,,,12000000,13260000,14520000,15780000,17040000,18300000,826828,826828,,
"Michael Ruffin,PF",,,540000,,,,1670000,1803600,,797581,,,,,,
"Michael Stewart,PF",3200000,3520000,3840000,4160000,4480000,4800000,,,,,,,,,,
"Michael Sweetney,PF",,,,,,,2116920,2696956,,,,,,,,
"Mickael Gelabale,SF",,,,,,,,802000,802000,,,,,346781,,
"Mickael Pietrus,SF",,,,,,,1910520,2535260,3470771,5300000,5300000,5300000,,698589,,
"Mickell Gladness,C",,,,,,,,,,,,,137498,762195,,
"Mike Bibby,PG",3092000,3308000,4174000,5448000,,,11500000,12500000,14983603,14983603,6217617,216110,854389,,,
"Mike Conley,PG",,,,,,,,,3377160,3630480,3883800,4913077,6611571,7505786,8600001,8694216
"Mike Dunleavy,SF",,,,,,,4506261,7438016,8219008,9000000,9780992,10561984,3750000,3183000,3183000,3326235
"Mike Gansey,NA",,,,,,,,412718,,,,,,,,
"Mike Hall,F",,,,,,,,121388,862456,,,,,,,
"Mike Harris,SF",,,,,,,,,100509,,95301,,,,,
"Mike James,PG",,,237000,,,,3410000,5215000,5826893,6244093,6466600,6466600,220487,502581,57627,1448490
"Mike Miller,SF",,2320000,2494000,2668000,3380000,4482000,6871431,7623813,8376194,9028575,9780937,,5400000,6200000,,
"Mike Muscala,PF",,,,,,,,,,,,,,,138404,816482
"Mike Scott,PF",,,,,,,,,,,,,,,788872,3333333
"Mike Smith,F",,316000,,,,,,,,,,,,,,
"Mike Taylor,PG",,,,,,,,,,500000,736420,736420,736420,736420,,
"Mike Wilks,PG",,,,,,,771123,744551,,,679821,679821,679821,679821,,
"Mikki Moore,C",,2848000,2531000,2813000,,,1029873,1071225,5356000,5632200,,,75793,75793,,
"Mile Ilic,C",,,,,,,,800000,850000,,,,,,,
"Miles Plumlee,C",,,,,,,,,,,,,,1073280,1121520,1169880
"Milt Palacio,PG",,326000,690000,749000,,,1400000,,,,,,,,,
"Miroslav Raduljica,C",,,,,,,,,,,,,,,1500000,1500000
"Mirza Teletovic,PF",,,,,,,,,,,,,,3090000,3229050,3368100
"Mitch McGary,PF",,,,,,,,,,,,,,,,1400040
"Mitchell Butler,SG",,,591000,,,,,,,,,,,,,
"Mo Williams,PG",,,,,,,1760000,1920000,7750000,8353000,8860000,9300000,8500000,8500000,2652000,3750000
"Monta Ellis,SG",,,,,,,448762,,,11000000,11000000,11000000,11000000,11000000,,8360000
"Monty Williams,SF",,,,1400000,,,,,,,,,,,,
"Moochie Norris,PG",,523000,3600000,3600000,3600000,3600000,4200000,,,,,,,,,
"Mookie Blaylock,G",4200000,4800000,5400000,,,,,,,,,,,,,
"Morris Almond,SG",,,,,,,,,1005960,1081440,,,75793,75793,,
"Morris Peterson,SG",,898000,966000,1033000,1646000,2371000,4550000,4550000,5000000,5592240,5800000,6665000,6665000,6665000,,
"Mouhamed Sene,C",,,,,,,,1958640,2105520,2252400,855189,855189,855189,,,
"Muggsy Bogues,G",,1740000,,,,,,,,,,,,,,
"Mustafa Shakur,PG",,,,,,,,,427163,,40375,226162,226162,226162,,
"Mychel Thompson,SF",,,,,,,,,,,,,473604,,,
"Nando de Colo,PG",,,,,,,,,,,,,,1400000,1463000,
"Nate Robinson,PG",,,,,,,1102680,1185480,1268160,2020179,5000000,4200000,785487,,2016000,2106720
"Nate Wolters,PG",,,,,,,,,,,,,,,500000,
"Nathan Jawai,C",,,,,,,,,,442114,,,,,,
"Nazr Mohammed,C",,739000,4500000,5130000,5700000,6270000,5500000,5215000,5632200,6049400,6466600,6883800,3750000,,,
"Nemanja Nedovic,PG",,,,,,,,,,,,,,,1056720,1104240
"Nenad Krstic,C",,,,,,,1010040,1080480,1889760,4778548,5160832,5543116,5543116,,,
"Nene Hilario,PF",,,,,,,3039889,8000000,8840000,9680000,10520000,11360000,13000000,13000000,13000000,13000000
"Nerlens Noel,PF",,,,,,,,,,,,,,,3172320,3315120
"Nick Anderson,F",,,5401000,,,,,,,,,,,,,
"Nick Calathes,SG",,,,,,,,,,,,,,,490180,816482
"Nick Collison,PF",,,,,,,1815000,2501070,5750000,6350000,6250000,13270000,3272997,2585668,2585668,2242003
"Nick Fazekas,PF",,,,,,,,,125636,,,,,,,
"Nick Van Exel,PG",8354000,8184000,9093000,10003000,10912000,11821000,719373,,,,,,,,,
"Nick Young,SF",,,,,,,,,1491240,1602960,1714800,2630503,3695857,5600000,1106942,4994420
"Nicolas Batum,SF",,,,,,,,,,1040640,1118760,1196760,2155365,10850000,11295250,11765500
"Nik Stauskas,SG",,,,,,,,,,,,,,,,2745840
"Nikola Mirotic,PF",,,,,,,,,,,,,,,,5305000
"Nikola Pekovic,C",,,,,,,,,,,,4275000,4503600,4837200,12100000,12100000
"Nikola Vucevic,C",,,,,,,,,,,,,1719480,1793520,1793520,2751260
"Nikoloz Tskitishvili,SF",,,,,,,745248,,,,,,,,,
"Noah Vonleh,PF",,,,,,,,,,,,,,,,2524200
"Nolan Smith,PG",,,,,,,,,,,,,1365720,1365720,,
"Norris Cole,PG",,,,,,,,,,,,,1082520,1129200,1129200,2038206
"O.J. Mayo,SG",,,,,,,,,,3875040,4165560,4456200,5632637,4020000,8000000,8000000
"Obinna Ekezie,C",,,541000,,,,,,,,,,,,,
"Oleksiy Pecherov,PF",,,,,,,,,1345800,1446720,1547640,,,,,
"Oliver Lafayette,G",,,,,,,,,,,2692,,,,,
"Olumide Oyedeji,C",,,466000,587000,,,,,,,,,,,,
"Omer Asik,C",,,,,,,,,,,,1721000,1857500,8374646,8374646,8374646
"Omri Casspi,SF",,,,,,,,,,,1167000,1254480,1341960,2277306,,1063384
"Orien Greene,PG",,,,,,,398762,,770610,,,,,,,
"Orlando Johnson,SG",,,,,,,,,,,,,,550000,,
"Oscar Bellfield,PG",,,,,,,,,,,,,,473604,,
"Othella Harrington,PF",2025000,2250000,2475000,2700000,2925000,3150000,3200000,2200000,2376000,,,,,,,
"Othello Hunter,SF",,,,,,,,,,442114,736420,736420,736420,,,
"Othyus Jeffers,SG",,,,,,,,,,,113051,35868,35868,35868,52017,
"Otto Porter Jr.,SF",,,,,,,,,,,,,,4278000,4278000,4470480
"P.J. Brown,PF",5124000,5764000,6404000,7044000,,,8000000,8560000,226650,,,,,,,
"P.J. Hairston,SG",,,,,,,,,,,,,,,,1149720
"P.J. Tucker,SF",,,,,,,,,,,,,,,,5700000
"Pablo Prigioni,PG",,,,,,,,,,,,,,473604,1591350,1662961
"Pape Sow,PF",,,,,,,641748,744551,,,,,,,,
"Pape Sy,SF",,,,,,,,,,,,473604,,788872,,
"Pat Burke,C",,,,,,,750000,810000,,,,,,,,
"Pat Garrity,PF",952000,1019000,1569000,2238000,,,3231250,3525000,3818750,,,,,,,
"Patrick Beverley,PG",,,,,,,,,,,,,,281376,788872,
"Patrick Ewing Jr.,SF",,,,,,,,,,,,25073,884293,884293,,
"Patrick Ewing,C",,14000000,2118000,,,,,,,,,,,,,
"Patrick O'Bryant,C",,,,,,,,2061720,2216400,797581,855189,,,,,
"Patrick Patterson,PF",,,,,,,,,,,,1823280,1959960,2096760,3105302,5831326
"Patty Mills,PG",,,,,,,,,,,,937195,213517,1085120,1133950,3842105
"Pau Gasol,PF",,,2970000,3194000,3417000,4318000,10993000,12364000,13735000,15106000,16452000,17823000,18714150,19285850,19285850,7128000
"Paul Davis,C",,,,,,,,,687456,797581,,825497,825497,825497,,
"Paul George,SF",,,,,,,,,,,,2238360,2406240,2574120,3282003,15937290
"Paul Millsap,PF",,,,,,,,625000,687456,,7692932,7600000,8603633,8603633,9500000,9500000
"Paul Pierce,SF",1503000,1608000,2051000,2793000,,,,,16360094,18077903,19795712,13876321,15333334,16790345,15333334,5305000
"Pavel Podkolzin,C",,,,,,,1141560,1221240,,,,,,,,
"Peja Stojakovic,SF",,1310000,5000000,5625000,6250000,6875000,7525000,10800000,11664000,12528000,13392000,402065,402065,402065,,
"Penny Hardaway,SF",,10130000,,,,,15750000,,,,,,,,,
"Pero Antic,PF",,,,,,,,,,,,,,,1200000,1250000
"Perry Jones,SF",,,,,,,,,,,,,,1082520,1082520,1129200
"Peter John Ramos,C",,,,,,,660000,,,,,,,,,
"Peyton Siva,PG",,,,,,,,,,,,,,,490180,
"Phil Pressey,PG",,,,,,,,,,,,,,,490180,816482
"Pierre Jackson,PG",,,,,,,,,,,,,,,,507336
"Popeye Jones,PF",,2815000,1300000,,,,,,,,,,,,,
"Pops Mensah-Bonsu,PF",,,,,,,,412718,,,,885120,,885120,,
"Predrag Drobnjak,C",,,479000,526000,639000,,,,,,,,,,,
"Primoz Brezec,C",,,749000,805000,862000,1554000,2750000,2750000,2750000,,,,,,,
"Quentin Richardson,SF",,1020000,1097000,1174000,1805000,2562000,6945500,7525500,8105500,8685500,8700000,2265000,2446200,2627400,,
"Quincy Acy,SF",,,,,,,,,,,,,,665000,,
"Quincy Douby,SG",,,,,,,,1240920,1333920,1427040,855189,855189,855189,855189,,
"Quincy Lewis,SG",930000,1000000,1070000,,2350000,,,,,,,,,,,
"Quincy Pondexter,SG",,,,,,,,,,,,1073280,1153800,1234320,2225479,3146068
"Quinton Ross,SF",,,,,,,,771331,826046,,1033342,1033342,1033342,1033342,,
"Raef LaFrentz,C",2777000,2970000,3755000,4926000,,,10623288,11532037,12440787,12722500,,,,,,
"Rafael Araujo,C",,,,,,,2238960,2395200,,,,,,,,
"Rafer Alston,PG",301000,423000,625000,,,,3850000,4200000,4550000,4900000,475875,,,,,
"Raja Bell,SG",,24000,,,,,4250000,4500000,4750000,5000000,5250000,,3480000,3480000,,
"Rajon Rondo,PG",,,,,,,,1143600,1229280,1315080,2094923,9090911,10045454,11000000,11954545,12909090
"Ramon Sessions,PG",,,,,,,,,,722517,3670667,3964320,4257973,,5000000,
"Randolph Morris,C",,,,,,,,750000,810000,,855189,,,,,
"Randy Brown,G",,2250000,2475000,2700000,,,,,,,,,,,,
"Randy Foye,SG",,,,,,,,2448240,2631840,2815560,3575761,4250000,,2500000,3000000,3000000
"Rashad McCants,SG",,,,,,,1538400,1653720,1769160,2620126,,,,,,
"Rashard Lewis,PF",,3920000,4413000,4903000,,,9571429,9350649,14884951,16447871,18010791,19573711,21136631,1399507,1399507,
"Rasheed Wallace,PF",10800000,12600000,14400000,16200000,18000000,,10860000,11650000,12540000,13930000,5854000,6322320,6322320,,,
"Rasho Nesterovic,C",1050000,1123000,1725000,2436000,,,6720000,7280000,7840000,8400000,1990000,1990000,1990000,1990000,,
"Rasual Butler,SF",,,,,,,1300000,3000000,3315000,3630000,3945000,211084,,,,915243
"Ratko Varda,C",,,333000,,,,,,,,,,,,,
"Rawle Marshall,SF",,,,,,,398762,,,,,,,,,
"Ray Allen,SG",9000000,10125000,11250000,12375000,,14625000,13223140,14611570,16000000,18388430,18776860,10000000,10000000,3229050,3229050,
"Ray McCallum,PG",,,,,,,,,,,,,,,524616,
"Raymond Felton,PG",,,,,,,2847360,3060840,3274440,4148715,5501196,7000000,7560000,3480453,3637073,3793693
"Reece Gaines,PG",,,,,,,1556160,,,,,,,,,
"Reggie Bullock,SG",,,,,,,,,,,,,,1149000,1149000,1200720
"Reggie Evans,PF",,,,,,,1760000,4000000,4320000,4640000,4960000,5080000,,1622617,1695635,1768653
"Reggie Jackson,PG",,,,,,,,,,,,,1156320,1260360,1260360,2204369
"Reggie Miller,SG",,10666000,12045000,12046000,,,,,,,,,,,,
"Reggie Slater,F",,,438000,,,,,,,,,,,,,
"Reggie Williams,SG",,,,,,,,,,,118435,762195,2500000,,,
"Renaldo Balkman,SF",,,,,,,,1191240,1280640,1369920,2112417,1675000,1675000,1675000,,
"Richard Hamilton,SG",1836000,1973000,2111000,2681000,3596000,,8125000,9187500,10000000,10812500,11375000,12500000,,,,
"Richard Jefferson,SF",,,1379000,1482000,1586000,2266000,10200000,11200000,12200000,13200000,14200000,8400000,9282000,10164000,11046000,
"Richie Frahm,SG",,,,,,,745248,,566625,,,,,,,
"Rick Brunson,PG",,507000,591000,,,,719373,,,,,,,,,
"Rick Fox,SF",3033000,3412000,3791000,4170000,4549000,,,,,,,,,,,
"Ricky Davis,SG",878000,939000,1496000,2156000,,,5909800,6364400,6819000,2300000,2400000,2400000,2400000,2400000,,
"Ricky Ledo,SG",,,,,,,,,,,,,,,544000,
"Ricky Rubio,PG",,,,,,,,,,,,,3480120,3741120,3678358,4660479
"Rob Kurz,SF",,,,,,,,,,,25991,,,,,
"Robbie Hummel,SF",,,,,,,,,,,,,,,,880000
"Robert Covington,SF",,,,,,,,,,,,,,,,1000000
"Robert Horry,PF",4800000,5300000,5300000,5300000,5300000,,3000000,3315000,3630000,,,,,,,
"Robert Pack,PG",,4320000,,,,,,,,,,,,,,
"Robert Swift,C",,,,,,,1764480,1887600,2601113,3579131,,,,,,
"Robert Traylor,PF",2059000,2203000,2793000,3726000,,,,,,,,,,,,
"Robert Vaden,SG",,,,,,,,,,,,13930,788872,788872,,
"Robin Lopez,C",,,,,,,,,,1623720,1745520,1867320,2862602,4899293,5904261,6124729
"Rodney Buford,SF",,288000,540000,,,,,,,,,,,,,
"Rodney Carney,SG",,,,,,,,1439760,1547760,1655760,,,,,,
"Rodney Hood,SG",,,,,,,,,,,,,,,,1290360
"Rodney Rogers,SF",2000000,2200000,2400000,,,,,,,,,,,,,
"Rodney Stuckey,PG",,,,,,,,1569600,1569600,1687320,1805040,2767126,8500000,8500000,8500000,
"Rodney White,SF",,,1694000,1821000,1948000,2481000,,,,,,,,,,
"Rodrigue Beaubois,PG",,,,,,,,,,,1075440,1156080,1236720,2227333,,
"Roger Mason Jr.,SG",,,,,,,,,,3500000,3780000,1400000,,,,
"Roko-Leni Ukic,PG",,,,,,,,,,1250000,1350000,1350000,1350000,1350000,,
"Ron Harper,G",,2200000,,,,,,,,,,,,,,
"Ron Mercer,SG",,5515000,6066000,6618000,7169000,,,,,,,,,,,
"Ronald Dupree,SF",,,,,,,,771331,63462,,,,,,,
"Ronald Murray,SG",,,,,,,895248,1750000,213051,1500000,1990000,,,,,
"Ronald Roberts Jr.,PF",,,,,,,,,,,,,,,,507336
"Ronnie Brewer,SF",,,,,,,,1595400,1715040,1834680,2717161,4790000,4710000,,69792,1310286
"Ronnie Price,PG",,,,,,,398762,664209,1100000,1188000,1250000,1381250,,1146337,,915243
"Ronny Turiaf,C",,,,,,,,,,4500000,4140000,,319128,,1500000,
"Roshown McLeod,F",914000,978000,1509000,,,,,,,,,,,,,
"Roy Hibbert,C",,,,,,,,,,1465440,1575360,1685280,2588590,,14283844,14898938
"Royal Ivey,PG",,,,,,,641748,744551,770610,854957,1050000,1200000,1200000,854389,,
"Royce White,PF",,,,,,,,,,,,,,1645440,,
"Ruben Patterson,PF",,990000,,4992000,5447000,,6353200,6807000,,,,,,,,
"Rudy Fernandez,SG",,,,,,,,,1084080,1084080,1165320,1246680,2180443,2180443,,
"Rudy Gay,SF",,,,,,,,2242920,2411160,2579400,3280997,13603750,15032144,16460538,17888932,19317326
"Rudy Gobert,C",,,,,,,,,,,,,,,1078800,1127400
"Russell Westbrook,PG",,,,,,,,,,3493680,3755640,4017720,5082416,14693906,14693906,15719062
"Ryan Anderson,PF",,,,,,,,,,1225200,1317120,1409040,2244601,8700000,8308500,8491500
"Ryan Bowen,SF",,508000,630000,587000,,,900498,,770610,,825497,825497,825497,825497,,
"Ryan Gomes,SF",,,,,,,428762,,,3650000,3892500,4000000,4000000,4000000,,
"Ryan Hollins,C",,,,,,,,412718,,972581,2183333,2333333,248048,884293,,
"Ryan Kelly,PF",,,,,,,,,,,,,,,,1650000
"Ryan Reid,PF",,,,,,,,,,,,,475000,475000,,
"Salim Stoudamire,SG",,,,,,,675000,729000,783000,826269,884881,884881,884881,884881,,
"Sam Cassell,PG",3500000,3500000,4000000,4500000,,,6187500,6850000,199452,,,,,,,
"Sam Mitchell,F",,2100000,591000,,,,,,,,,,,,,
"Sam Young,SF",,,,,,,,,,,824200,886000,1184750,402065,,
"Samaki Walker,PF",,,1400000,1540000,,,,,,,,,,,,
"Samardo Samuels,PF",,,,,,,,,,,,500000,,,,
"Samuel Dalembert,C",,,771000,,887000,1600000,8477178,9464307,10251435,11238564,12025694,13428129,7000000,6698565,3700748,4051527
"Sarunas Jasikevicius,PG",,,,,,,4000000,4000000,,,,,,,,
"Sasha Pavlovic,SG",,,,,,,1274160,1962206,4250000,4500000,1500000,211084,,1232713,,
"Sasha Vujacic,SG",,,,,,,910440,973920,1756951,4524887,5000000,5475113,5475113,5475113,,
"Scot Pollard,C",,3922000,4344000,4827000,5310000,5792000,6274935,2200000,,,,,,,,
"Scott Burrell,G",,29000,,,,,,,,,,,,,,
"Scott Machado,PG",,,,,,,,,,,,,,473604,,
"Scott Padgett,PF",679000,730000,781000,1410000,2102000,,1600000,744551,,,,,,,,
"Scott Williams,C",3750000,4200000,4650000,,,,,,,,,,,,,
"Scottie Pippen,SF",14795000,13151000,18083000,19727000,,,,,,,,,,,,
"Scotty Hopson,SG",,,,,,,,,,,,,,,1388400,1450878
"Sean Colson,G",,83000,,,,,,,,,,,,,,
"Sean Elliott,F",,5333000,,,,,,,,,,,,,,
"Sean Marks,PF",,,566000,,,,719373,744551,770610,797581,825497,799105,799105,799105,,
"Sean May,C",,,,,,,1619280,1740720,1862160,2661027,825479,,,,,
"Sean Rooks,C",1920000,2160000,2400000,2640000,,,,,,,,,,,,
"Sean Williams,PF",,,,,,,,,1416600,1522920,1629120,1629120,49966,,,
"Sebastian Telfair,PG",,,,,,,1676280,1793160,2562426,2300000,,2700000,1567500,1567500,,915243
"Semih Erden,C",,,,,,,,,,,,,762195,762195,,
"Serge Ibaka,PF",,,,,,,,,,,1120200,1204200,1288200,12350000,12350000,12350000
"Sergei Monia,SF",,,,,,,1016400,,,,,,,,,
"Sergey Karasev,SG",,,,,,,,,,,,,,,1467840,1533840
"Sergio Rodriguez,PG",,,,,,,,760000,817000,874000,1576696,,,,,
"Seung Jin Ha,C",,,,,,,641748,,,,,,,,,
"Shabazz Muhammad,SF",,,,,,,,,,,,,,,1887120,1971960
"Shabazz Napier,PG",,,,,,,,,,,,,,,,1238640
"Shammond Williams,PG",,550000,1750000,1987000,,,,1750000,,,,,,,,
"Shandon Anderson,SF",,2200000,5500000,6100000,6700000,7300000,,,,,,,,,,
"Shane Battier,SF",,,2203000,2368000,2533000,3212000,4903000,5393300,5883600,6448900,6939200,7354500,3135000,3270000,3270000,
"Shane Larkin,PG",,,,,,,,,,,,,,,1536960,1606080
"Shannon Brown,PG",,,,,,,,971280,1044120,,1990000,2149200,3500000,3500000,188438,
"Shaquille O'Neal,C",17142000,19285000,21428000,23571000,26571000,29464000,20000000,20000000,21000000,21000000,21000000,1352181,1352181,,,
"Shareef Abdur-Rahim,PF",,,,,,,5000000,5400000,5800000,6200000,,,,,,
"Shaun Livingston,PG",,,,,,,3254880,3841920,4404629,854957,228226,3500000,3500000,773976,,
"Shavlik Randolph,PF",,,,,,,398762,1000000,1130000,,43703,992680,992680,163500,306037,1227985
"Shawn Bradley,C",,8370000,4155000,4675000,5194000,5714000,,,,,,,,,,
"Shawn Kemp,C",10780000,11720000,12770000,21500000,,,,,,,,,,,,
"Shawn Marion,SF",1546000,1662000,1778000,2265000,3069000,,13700000,15070000,16440000,17810000,6635068,7055500,8022449,8646364,9316796,
"Shawne Williams,SF",,,,,,,,1367760,1470360,1572960,2416067,854389,3135000,3135000,,1227985
"Shawnelle Scott,C",,,591000,,,,,,,,,,,,,
"Shelden Williams,C",,,,,,,,2952840,3174240,3395760,,,,,,
"Shelvin Mack,PG",,,,,,,,,,,,,,103121,884293,2433333
"Sherron Collins,PG",,,,,,,,,,,,473604,473604,473604,,
"Slava Kravtsov,C",,,,,,,,,,,,,,1500000,,
"Slava Medvedenko,PF",,,465000,,,,3000000,490528,,,,,,,,
"Smush Parker,PG",,,,,,,745248,798112,181320,,,,,,,
"Solomon Alabi,C",,,,,,,,,,,,670000,830000,830000,,
"Solomon Hill,SF",,,,,,,,,,,,,,,1246680,1302840
"Solomon Jones,PF",,,,,,,,675000,729000,,1620000,1500000,792377,792377,,
"Sonny Weems,SF",,,,,,,,,,442114,736420,,,,,
"Speedy Claxton,PG",,,1006000,1081000,1667000,2390000,3600000,6854546,6306182,5757818,5209454,5209454,5209454,5209454,,
"Spencer Dinwiddie,PG",,,,,,,,,,,,,,,,700000
"Spencer Hawes,PF",,,,,,,,,2028600,2180760,2332800,2974320,4051024,6500000,,5305000
"Stacey Augmon,SF",,,,2400000,2400000,,1138500,,,,,,,,,
"Stephane Lasme,PF",,,,,,,,,67844,,,,,,,
"Stephen Curry,PG",,,,,,,,,,,2710560,2913840,3117120,3958742,9887642,10629213
"Stephen Graham,SF",,,,,,,,,,826269,,992680,1106941,1106941,,
"Stephen Jackson,SF",,316000,,587000,,,5610000,6120000,6630000,7140000,7650000,8453250,1059750,10059750,,
"Stephon Marbury,PG",9000000,10130000,11250000,12375000,13500000,14625000,16453125,17184375,19012500,20840625,,,,,,
"Steve Blake,PG",,,,,,,1000000,1330000,4250000,4250000,4000000,4000000,,,4000000,2077000
"Steve Francis,PG",3020000,3246000,3473000,4383000,5720000,,13700000,15070000,2439333,2634480,,,,,,
"Steve Goodrich,F",,37000,389000,,,,,,,,,,,,,
"Steve Kerr,G",1968000,2200000,2406000,2625000,,,,,,,,,,,,
"Steve Nash,PG",5500000,5500000,5750000,5750000,5750000,5750000,9625000,10500000,11375000,12250000,13125000,10310938,11689062,9300500,9300500,9701000
"Steve Novak,SF",,,,,,,,600000,687456,,1031000,306575,,4054055,3750000,3445947
"Steve Smith,SG",7200000,8100000,9000000,9900000,,,,,,,,,,,,
"Steven Adams,C",,,,,,,,,,,,,,,2090880,2184960
"Steven Gray,G",,,,,,,,,,,,,,473604,,
"Steven Hunter,C",,,1037000,,,,2844828,3024000,3638600,3862600,3696000,,,,,
"Steven Smith,SF",,,,,,,,412718,,,,,,,,
"Stromile Swift,PF",,3164000,3401000,3656000,4614000,6022000,5000000,5400000,5800000,201741,,,,,,
"Sun Yue,SG",,,,,,,,,,,736420,736420,736420,736420,,
"Sundiata Gaines,PG",,,,,,,,,,,269169,112088,,,,
"T.J. Ford,PG",,,,,,,2303040,2929467,8275000,8000000,8500000,8500000,,,,
"T.J. Warren,SF",,,,,,,,,,,,,,,,1953120
"Taj Gibson,PF",,,,,,,,,,,1039800,1117680,1195680,7415730,7550000,
"Taj McCullough,NA",,,,,,,,,,442114,,,,,,
"Tarence Kinsey,SG",,,,,,,,412718,,,,855189,855189,,,
"Tariq Abdul-Wahad,SF",,,5062000,,,,,,,,,,,,,
"Taurean Green,PG",,,,,,,,427163,,,,,,,,
"Taylor Griffin,PF",,,,,,,,,,,457588,762195,762195,,,
"Tayshaun Prince,SF",,,,,,,1763115,7851240,8675620,9500000,10324380,11148760,6292135,6764045,7235955,7707865
"Terence Morris,F",,,490000,,,,745248,,,,,,,,,
"Terrel Harris,SG",,,,,,,,,,,,,,94154,,
"Terrell Brandon,PG",7400000,8325000,9250000,,,,,,,,,,,,,
"Terrence Jones,PF",,,,,,,,,,,,,,1485000,1551840,1618680
"Terrence Ross,SF",,,,,,,,,,,,,,2563320,2678640,2793960
"Terrence Williams,SG",,,,,,,,,,,2060040,2214480,254938,244710,,
"Terrico White,NA",,,,,,,,,,,,,788872,,,
"Terry Davis,C",,548000,,,,,,,,,,,,,,
"Terry Porter,G",2000000,2200000,2400000,,,,,,,,,,,,,
"Thabo Sefolosha,SG",,,,,,,,1679280,1805160,1931160,2759628,3250000,3300000,3900000,3900000,4150000
"Thaddeus Young,SF",,,,,,,,1830720,1830720,1968120,2105400,2901241,8039130,8289130,8850000,9410869
"Theo Ratliff,C",7031000,7800000,8593000,9375000,10156000,10937000,11666666,11666666,199452,,,,,,,
"Thomas Gardner,SG",,,,,,,,,,711517,,,,,,
"Thomas Robinson,PF",,,,,,,,,,,,,,3374640,3526440,3678360
"Tiago Splitter,PF",,,,,,,,,,,,3400000,3944000,3944000,10000000,9250000
"Tim Duncan,PF",,9658000,10865000,12072000,13279000,,15845157,17429673,19014188,20598704,22183220,18835381,21164619,9638554,10361446,10361446
"Tim Hardaway Jr.,SG",,,,,,,,,,,,,,,1196760,1250640
"Tim Hardaway,G",,12000000,3360000,3780000,,,,,,,,,,,,
"Tim James,F",728000,783000,837000,,,,,,,,,,,,,
"Tim Ohlbrecht,PF",,,,,,,,,,,,,,144867,,
"Tim Thomas,PF",,8507000,9675000,10750000,11825000,12900000,13975000,,,6049400,,,,,,
"Timofey Mozgov,C",,,,,,,,,,,,3567096,3343896,3140429,4400000,4650000
"Tobias Harris,SF",,,,,,,,,,,,,1418160,1545840,1545840,2380594
"Todd MacCulloch,C",,423000,550000,4991000,,,,,,,,,,,,
"Tom Gugliotta,PF",8558000,9336000,10113000,10890000,11668000,,,,,,,,,,,
"Tom Hammonds,F",,1130000,,,,,,,,,,,,,,
"Toney Douglas,PG",,,,,,,,,,,996240,1071000,1145640,2067880,1600000,
"Toni Kukoc,SF",,7167000,8050000,8050000,8050000,,,,,,,,,,,
"Tony Allen,SG",,,,,,,969600,1037280,1868141,2500000,2500000,,3150000,3300000,4494383,4831461
"Tony Battie,C",,3200000,3600000,4000000,4400000,4800000,5200000,5746000,5200000,5746000,6606600,,,,,
"Tony Delk,PG",,,,,2925000,,2925000,,,,,,,,,
"Tony Gaffney,SF",,,,,,,,,,,2692,762195,762195,,,
"Tony Massenburg,PF",,1360000,1500000,1636000,,,,,,,,,,,,
"Tony Mitchell,PF",,,,,,,,,,,,,,,500000,
"Tony Parker,PG",,,744000,800000,856000,1545000,8400000,9450000,10500000,11550000,12600000,13500000,12500000,12500000,12500000,12500000
"Tony Snell,SF",,,,,,,,,,,,,,1409040,1409040,1472400
"Tony Wroten,SG",,,,,,,,,,,,,,1110120,1160040,1210080
"Toure' Murry,SF",,,,,,,,,,,,,,,490180,1000000
"Tracy McGrady,SG",,9658000,10865000,12072000,13279000,14487000,15694250,16901500,18257750,20370437,22843124,,,,,
"Tracy Murray,SF",2720000,3060000,3400000,3740000,,,,,,,,,,,,
"Trajan Langdon,SG",1394000,1500000,1604000,,,,,,,,,,,,,
"Travis Best,PG",3250000,3250000,3250000,,,,,,,,,,,,,
"Travis Diener,PG",,,,,,,398762,,1500000,1620000,208802,208802,208802,208802,,
"Travis Knight,C",2800000,3200000,3600000,4000000,,,,,,,,,,,,
"Travis Leslie,PG",,,,,,,,,,,,,500000,,,
"Travis Outlaw,SF",,,,,,,1082160,1836426,4000000,,3600000,7000000,3000000,3000000,3000000,
"Trenton Hassell,SF",,,333000,512000,587000,,4350000,4350000,4350000,4350000,4350000,,,,,
"Trevor Ariza,SF",,,,,,,,3100000,3100000,3100000,5854000,6322320,6790640,7727280,7727280,8579089
"Trevor Booker,PF",,,,,,,,,,,,1204560,1294920,2350820,2350820,5000000
"Trey Burke,PG",,,,,,,,,,,,,,,2438760,2548560
"Trey Gilder,SF",,,,,,,,,,,457588,457588,457588,854389,,
"Trey Johnson,SG",,,,,,,,,,46917,,8967,,,,
"Trey Thompkins,PF",,,,,,,,,,,,,535000,,,
"Tristan Thompson,PF",,,,,,,,,,,,,3726600,3894240,4062000,5138430
"Troy Daniels,SG",,,,,,,,,,,,,,,158588,
"Troy Hudson,PG",,,,,,,5253000,5603000,,,,,,,,
"Troy Murphy,PF",,,1310000,1409000,1507000,2232000,7365079,8285714,9206349,10126984,11047619,216110,854389,839312,,
"Ty Lawson,PG",,,,,,,,,,,1438680,1546560,1654440,2544529,10786517,11595506
"Tyler Ennis,PG",,,,,,,,,,,,,,,,1590720
"Tyler Hansbrough,PF",,,,,,,,,,,1859160,1998600,2138040,3055259,3183000,3326235
"Tyler Honeycutt,SF",,,,,,,,,,,,,809875,809875,,
"Tyler Zeller,C",,,,,,,,,,,,,,1563120,1633440,1703760
"Tyreke Evans,SF",,,,,,,,,,,3610080,3880920,5251825,5250825,11796247,11265416
"Tyrone Hill,PF",6422000,7415000,6600000,6600000,,,,,,,,,,,,
"Tyrone Nesby,F",2716000,2990000,3260000,,,,,,,,,,,,,
"Tyronn Lue,PG",,865000,1714000,1885000,,,3500000,3500000,199452,2250000,,,,,,
"Tyrus Thomas,PF",,,,,,,,3260760,3505320,3749880,4743598,6611570,7305785,8000000,,
"Tyshawn Taylor,PG",,,,,,,,,,,,,473604,473604,,
"Tyson Chandler,C",,,2756000,,,,8299670,9150000,10500000,11350000,11700000,12600000,13107837,13604188,14100538,14846888
"Udonis Haslem,PF",,,,,,,5000000,,6050000,6575000,7100000,3500000,4060000,4340000,4340000,2732000
"Uros Slokar,PF",,,,,,,,412718,,,,,,,,
"Vassilis Spanoulis,PG",,,,,,,,1800000,1944000,,,,,,,
"Vernon Macklin,PF",,,,,,,,,,,,,473604,,,
"Vernon Maxwell,G",,161000,,,,,,,,,,,,,,
"Victor Alexander,F",,,591000,,,,,,,,,,,,,
"Victor Claver,PF",,,,,,,,,,,,,,1300000,1330000,1370000
"Victor Khryapa,PF",,,,,,,1095960,1172400,1928598,,,,,,,
"Victor Oladipo,SG",,,,,,,,,,,,,,4763760,4763760,4978200
"Vin Baker,PF",,,,,,,15750000,,,,,,,,,
"Vince Carter,SG",2267000,2425000,3073000,10625000,11953000,13281000,13843156,15101626,13325000,14724125,16123250,17522375,3000000,3090000,3180000,3911981
"Vinny Del Negro,G",1925000,2100000,2275000,,,,,,,,,,,,,
"Vitaly Potapenko,C",3810000,4286000,4762000,5238000,5715000,6191000,3325416,3674584,,,,,,,,
"Vitor Faverani,C",,,,,,,,,,,,,,,2000000,2090000
"Vlade Divac,C",8837000,9641000,10444000,11248000,12051000,,,,,,,,,,,
"Vladimir Radmanovic,SF",,,1452000,1561000,1670000,2301000,3166154,,5632200,,,6883800,,,,
"Vladimir Stepania,C",,,566000,637000,,,,,,,,,,,,
"Von Wafer,SG",,,,,,,,23443,,,,854389,1069509,1069509,,
"Vonteego Cummings,PG",2600000,757000,810000,,,,,,,,,,,,,
"Voshon Lenard,SG",,3780000,4252000,,,,3520000,,,,,,,,,
"Walker Russell,PG",,,,,,,,,,,,,374300,374300,,
"Wally Szczerbiak,SG",2011000,2162000,2313000,2933000,3912000,,10500000,11775000,12275000,13775000,,,,,,
"Walt Williams,F",3750000,4500000,,,,,,,,,,,,,,
"Walter Herrmann Heinrich,PF",,,,,,,,1800000,1944000,2000000,,,,,,
"Walter McCarty,PF",2500000,2812000,3125000,,,,1035000,,,,,,,,,
"Walter Sharpe,PF",,,,,,,,,,442114,,736420,736420,736420,,
"Wayne Ellington,SG",,,,,,,,,,,1003560,1078800,1154040,2083042,2652000,2771340
"Wayne Simien,PF",,,,,,,867720,932760,997800,,,,,,,
"Wesley Johnson,SF",,,,,,,,,,,,3726600,4006080,4285560,,
"Wesley Matthews,SG",,,,,,,,,,,,5765000,6505320,6505320,6875480,7245640
"Wesley Person,SF",4900000,5600000,6300000,7000000,7700000,,,,,,,,,,,
"Will Avery,G",1196000,1286000,1375000,,,,,,,,,,,,,
"Will Barton,SG",,,,,,,,,,,,,,550000,,
"Will Bynum,PG",,,,,,,,,,,,3250000,,3250000,2790343,2915908
"Will Cherry,PG",,,,,,,,,,,,,,,,495399
"Will Conroy,PG",,,,,,,,55839,687456,,,,,,,
"Willie Green,SG",,,,,,,,2800000,3094000,3388000,3682000,3976000,,1399507,1399507,1448490
"Willie Warren,SG",,,,,,,,,,,,500000,788872,,,
"Wilson Chandler,SF",,,,,,,,,1091640,1173480,1255440,2130482,5516664,5930414,6344164,6757913
"Xavier Henry,SF",,,,,,,,,,,,2020200,2171640,2323200,,1082000
"Xavier Silas,SG",,,,,,,,,,,,,11458,762195,,
"Yakhouba Diawara,SF",,,,,,,,,,875000,945000,,,,,
"Yao Ming,C",,,,,,,5594906,12455000,13762775,15070550,16378325,17686100,,,,
"Yaroslav Korolev,SF",,,,,,,1670000,1470000,,,,,,,,
"Yi Jianlian,PF",,,,,,,,,2777760,2986080,3194400,4050499,771706,771706,,
"Zabian Dowdell,PG",,,,,,,,,,,,186656,788872,788872,,
"Zach LaVine,PG",,,,,,,,,,,,,,,,2055840
"Zach Randolph,PF",,,1019000,1096000,1172000,1805000,10666667,12000000,13333333,14666667,16000000,17666666,15200000,16500000,18238333,16500000
"Zan Tabak,C",,1210000,,,,,,,,,,,,,,
"Zarko Cabarkapa,SF",,,,,,,1404360,2157097,,,,,,,,
"Zaza Pachulia,C",,,,,,,4000000,4000000,4000000,4000000,4750000,4251250,4750000,5248750,5200000,5200000
"Zeljko Rebraca,C",,,3500000,3850000,4200000,,3000000,3240000,,,,,,,,
"Zendon Hamilton,C",,,466000,,,,835810,,,,,,,,,
"ZhiZhi Wang,C",,,465000,,,,,,,,,,,,,
"Zoran Dragic,SG",,,,,,,,,,,,,,,,1500000
"Zoran Planinic,PG",,,,,,,1127280,1854376,,,,,,,,
"Zydrunas Ilgauskas,C",,10130000,,,13500000,,8743238,9442697,10142156,10841615,925000,1352181,1399507,1399507,,
